"","baseMean","log2FoldChange","lfcSE","stat","pvalue","padj"
"ENSMUSG00000017723",127.923440877294,1.6832770069874,0.369678036614331,4.58962931029187,4.44033853772132e-06,0.000487748814569853
"ENSMUSG00000037583",173.760310188106,-1.47283711942094,0.277824786944548,-5.29414260173665,1.19576098815805e-07,2.1448016711645e-05
"ENSMUSG00000026956",154.713898342237,2.69685553840356,0.355214520205551,7.61311353863295,2.67570540426324e-14,2.70819611274358e-11
"ENSMUSG00000026958",747.817118383318,1.04088090855933,0.245384456228823,4.24302530029462,2.20526562618138e-05,0.00197227595402636
"ENSMUSG00000043068",229.462520699086,1.2059728062204,0.265117736005489,4.54872450384916,5.39720444023469e-06,0.000570907852306504
"ENSMUSG00000026548",45.4553293099885,1.43739974608189,0.377443408587725,3.82277839256585,0.000131956364641833,0.00831031860877678
"ENSMUSG00000026542",2281.08937715895,1.07316074108819,0.306799653438453,3.5034316765544,0.000459304466379478,0.0209271520533672
"ENSMUSG00000101397",761.180934818846,-1.0337149710402,0.30566264682966,-3.37836567799987,0.000729180455984566,0.0296392232891415
"ENSMUSG00000002059",89.2676841714341,1.55867136231937,0.337546455285566,4.62062412112685,3.82587372993977e-06,0.00042687110829328
"ENSMUSG00000001506",144.530806544519,2.44717735903466,0.35148394696538,6.98726259644762,2.80301313672643e-12,1.6549456728089e-09
"ENSMUSG00000052396",20.5949609857255,2.96931585464296,0.407902659855565,6.58719388402344,4.48216823194407e-11,1.81463782418993e-08
"ENSMUSG00000035878",3273.20879042653,-0.85827137645451,0.240624490440878,-3.56580541042133,0.000362740454254929,0.0177855786740219
"ENSMUSG00000070690",522.034616963316,-0.869468244668741,0.210960298466536,-4.12064448191066,3.77814046899274e-05,0.0029415522222872
"ENSMUSG00000042216",62.4783440047717,-1.14201380965461,0.299825793271771,-3.80139254776135,0.000143885135579708,0.00894233496124767
"ENSMUSG00000039878",115.546014019031,2.49631398817655,0.352058926628348,7.08359405389649,1.40462982165251e-12,9.04709298764368e-10
"ENSMUSG00000090272",38.2673807976685,-1.86367570267681,0.413366142267898,-4.58036757096872,4.64159444708114e-06,0.000505933794731844
"ENSMUSG00000032080",9803.1376428094,1.18718665898666,0.375555158681125,3.18797329342646,0.00143273768788388,0.0492764394109577
"ENSMUSG00000097321",58.141440022132,-1.92455238807269,0.35327745617545,-5.41265573523011,6.20968066085625e-08,1.2220996522824e-05
"ENSMUSG00000097321.1",58.141440022132,-1.92455238807269,0.35327745617545,-5.41265573523011,6.20968066085625e-08,1.2220996522824e-05
"ENSMUSG00000025351",153.452910706195,2.41217010506636,0.364173924941254,6.67883804101097,2.40844143683428e-11,1.03417015636187e-08
"ENSMUSG00000024254",2808.86518802757,0.915611835913525,0.222022295740343,4.12481019520942,3.71040615901354e-05,0.00291443771836411
"ENSMUSG00000057228",1766.38745144636,-0.748180049279893,0.223589323789257,-3.34560991798506,0.000821018102694401,0.0322266662470351
"ENSMUSG00000095463",400.822457201903,-0.777146826951279,0.183869907492999,-4.22621577276958,2.37654119001781e-05,0.00207874004089829
"ENSMUSG00000095463.1",400.822457201903,-0.777146826951279,0.183869907492999,-4.22621577276958,2.37654119001781e-05,0.00207874004089829
"ENSMUSG00000049858",2782.0373997328,-0.948993428934311,0.224683048861659,-4.22270275523478,2.41390079735133e-05,0.00209846468088763
"ENSMUSG00000004562",139.3466717122,0.831336400083677,0.200987583331957,4.13350177792269,3.57277530865014e-05,0.0028282807890264
"ENSMUSG00000029810",5252.0931481591,0.881280559241679,0.184341832991451,4.78108061829379,1.7435541909943e-06,0.000230898718564386
"ENSMUSG00000029816",70.963393939812,3.57334870699799,0.393130028874554,8.01551135973062,1.09679728444828e-15,1.29513479338601e-12
"ENSMUSG00000000673",3056.61866671774,-0.781821889528727,0.210418945066064,-3.71500116825023,0.000203202755637312,0.0116574212444563
"ENSMUSG00000041078",28.4676776547441,-1.8959655961438,0.396721700006026,-4.73724492463639,2.16643276808008e-06,0.000272674880474124
"ENSMUSG00000021957",1569.05751474032,1.02588392866883,0.294054177938571,3.49267777449103,0.000478203169638115,0.021511552107213
"ENSMUSG00000021175",14.9070771191902,2.49340581804246,0.412863826078821,5.95636710146551,2.5790665473788e-09,7.16575940712893e-07
"ENSMUSG00000024048",170.812033535737,1.27604632735879,0.345790435397446,3.70149214159023,0.000214335295715387,0.012098965975056
"ENSMUSG00000021335",440.13901942812,-1.0270692456645,0.253527881592614,-4.04915253870039,5.14034338314092e-05,0.00367872049187408
"ENSMUSG00000017453",3576.94235752007,-0.756483717905995,0.208734453653349,-3.62365662372179,0.000290467174547081,0.0152386952654438
"ENSMUSG00000036110",1182.47558975132,-1.37823243642193,0.255309144481611,-5.39490681419756,6.8559124313508e-08,1.31281458313839e-05
"ENSMUSG00000056999",1707.16187106959,-0.822678866835411,0.253403415696965,-3.24537656586254,0.00117295402896429,0.0419716126020809
"ENSMUSG00000025464",575.178100271929,-0.929387997972892,0.195789558599476,-4.74600029885596,2.07478404574241e-06,0.000267269908437909
"ENSMUSG00000056737",77.7120489081075,1.80682244995792,0.361675304832783,5.00963554777652,5.45332069569644e-07,8.44735136216452e-05
"ENSMUSG00000026822",1005.95038669844,3.66588936671099,0.264780397982606,13.829771730991,1.68554535984203e-43,2.38841777489615e-39
"ENSMUSG00000028463",7.59249973845156,1.4100749888805,0.398735771009532,4.39392376829795,1.11322866540792e-05,0.00109544792977987
"ENSMUSG00000034634",152.29610405959,2.38517299056103,0.352632625601385,6.790826733772,1.11492764511262e-11,5.64233026115925e-09
"ENSMUSG00000022701",6.93130858550624,1.26633213489387,0.406351088338416,3.2595245141262,0.00111599135747661,0.040764127908278
"ENSMUSG00000001942",1400.72540865437,0.612100160956045,0.189013526846906,3.23848676094226,0.00120165597860801,0.0427670541571136
"ENSMUSG00000004552",436.332807841803,4.72806506612498,0.362670622222271,12.8278207950405,1.14540719715411e-37,5.41013999455792e-34
"ENSMUSG00000056035",166013.091628411,1.60977001176232,0.356774819203648,4.54866048527179,5.39884630974394e-06,0.000570907852306504
"ENSMUSG00000000739",21.0954636556747,-1.41449146534946,0.411796722493137,-3.43307088981093,0.000596786040483781,0.0257035203454565
"ENSMUSG00000021036",514.507833345555,0.854637108202843,0.167571114279123,5.09924237820717,3.41015653716466e-07,5.62927061592327e-05
"ENSMUSG00000042647",793.540030087219,1.57271324632414,0.298085125365461,5.28539118301263,1.25436419022755e-07,2.22179257194055e-05
"ENSMUSG00000074240",87.7453893117009,0.830557436229551,0.356059708602722,4.63561391295793,3.5587967383366e-06,0.000409984957579103
"ENSMUSG00000027784",335.594750664895,-0.911959538488554,0.237063918298405,-3.8456621412355,0.000120227330487476,0.0077086935430205
"ENSMUSG00000040722",592.481755901038,1.01159825577912,0.250400170176116,4.0409888165699,5.3226296939997e-05,0.0037900333047224
"ENSMUSG00000049988",42.2541745690766,1.00533134008744,0.288516633904633,3.47515523183853,0.000510557811866999,0.0226081381067356
"ENSMUSG00000003644",223.4145226715,1.00552132145142,0.253300709453819,3.9691454467932,7.21308459712048e-05,0.00491391388178832
"ENSMUSG00000022066",409.516881699155,-0.785317716638652,0.186426498505526,-4.21206557677827,2.53046053546643e-05,0.00214710334057241
"ENSMUSG00000032313",5.81213222765569,-1.62121921404885,0.397648605929694,-4.57780916581792,4.69871040693826e-06,0.000508249820353551
"ENSMUSG00000054545",1919.917592662,1.15415106815852,0.304646745786555,3.79463003443976,0.000147863772337564,0.00914947447171738
"ENSMUSG00000031779",11.1103021387941,1.40566658650731,0.4101468232564,3.61071916879453,0.00030534914804158,0.0157338088281789
"ENSMUSG00000023078",23.3011001774503,-1.74101795609389,0.413582198566093,-4.27287292268561,1.92970442770824e-05,0.00175281485516832
"ENSMUSG00000034855",97.8299825641017,1.95563711247276,0.31330252776444,6.22315093674309,4.872681935252e-10,1.50099789179393e-07
"ENSMUSG00000024096",505.534638228118,0.773800817176129,0.22140624978082,3.49486220312653,0.000474306562977475,0.0214042165522001
"ENSMUSG00000091264",806.469413012295,-0.844966844041144,0.249851849146134,-3.38064943319144,0.000723147412339689,0.0296156035631601
"ENSMUSG00000049313",77.5020241090099,1.34228376450298,0.335760998591275,3.99512343092369,6.46605567038601e-05,0.00451349797287536
"ENSMUSG00000015568",896.390452003382,1.05616536254313,0.298778160805001,3.53908869725964,0.000401510920260745,0.018775117750258
"ENSMUSG00000019232",917.999442802041,-2.10641028595433,0.330118060756556,-6.36716893783981,1.92549061365445e-10,6.20095499897355e-08
"ENSMUSG00000014776",10.2066670321197,0.998157595018357,0.372189976103939,4.09724383275777,4.18098439063545e-05,0.0032024080440705
"ENSMUSG00000090124",1357.17970895488,-1.44208945642079,0.389625520509514,-3.69210204408315,0.000222408187575926,0.0123106406951206
"ENSMUSG00000020037",83.5098213387787,-1.71117859106949,0.368748423990855,-4.62187598068462,3.80285347195745e-06,0.00042687110829328
"ENSMUSG00000022883",274.345431748983,1.50412049710128,0.257016427258577,5.8507978232273,4.89220607067057e-09,1.30797283059249e-06
"ENSMUSG00000035161",254.160142867469,-0.650703050855864,0.194426094797537,-3.34643838928203,0.000818568680121424,0.0322197727703349
"ENSMUSG00000035186",41.1432528601362,2.07989093530619,0.408937439409779,5.31251135107916,1.08124689299371e-07,1.96426518893857e-05
"ENSMUSG00000016283",11.0982211978717,1.53934454224538,0.41015520173674,3.93223764025916,8.41588078722301e-05,0.00559873383826056
"ENSMUSG00000093445",24.7534457306842,-1.33297004106912,0.411115860322507,-3.23296830659091,0.00122511153512393,0.0430765023640349
"ENSMUSG00000039246",448.883927422488,0.61795056593547,0.175444996053801,3.52188348980117,0.000428492418794832,0.0197134336828661
"ENSMUSG00000037572",32.3708415445761,1.35320889090724,0.330192078304211,4.07391586311179,4.62291885312686e-05,0.0034477242183583
"ENSMUSG00000035226",24.0170918553614,1.84076182204523,0.413232148144171,4.796854951773,1.61176224181592e-06,0.000215459160061618
"ENSMUSG00000025132",672.644178553456,1.12372608377289,0.337688707028259,3.33763603995654,0.000844943480914031,0.0328924426498676
"ENSMUSG00000024427",106.029382345897,-1.52002521580646,0.298405531767737,-5.08238820173551,3.72718688887117e-07,6.04706402123433e-05
"ENSMUSG00000006575",28.3171398468334,1.2893701414414,0.412971633049863,3.354816666225,0.000794175985167526,0.0315223353216354
"ENSMUSG00000074183",153.282130454472,1.97163305547823,0.402338984246833,5.11190731000314,3.18922309796027e-07,5.37991563072584e-05
"ENSMUSG00000058135",11238.6928276981,1.32465320903401,0.266111897807031,4.98240147652762,6.27999678381792e-07,9.3671109922842e-05
"ENSMUSG00000005054",403.293432345716,1.12229733206867,0.328240030987905,3.42673556821339,0.000610883638441328,0.0260729552913061
"ENSMUSG00000056394",51.2096610513019,1.25507289593587,0.34956170095949,3.58737418506564,0.000334024816490462,0.0166074794725258
"ENSMUSG00000038508",193.462297397173,1.43733220049112,0.353073819542396,4.0891271713859,4.32999425215629e-05,0.00328259472075112
"ENSMUSG00000022385",21.9008487120662,1.93506739297057,0.413593396988275,4.92077166254276,8.62036549823579e-07,0.000122150579110001
"ENSMUSG00000031150",49.8771540137696,1.36619097800316,0.362250909146551,3.77598637810408,0.000159375701160093,0.00965108412580566
"ENSMUSG00000026639",100.62275838293,-1.13058864903522,0.34614371668961,-3.2594727839922,0.00111619489261904,0.040764127908278
"ENSMUSG00000056216",619.110978464409,1.61560377216265,0.236555319377551,6.82946992877831,8.52289589963698e-12,4.61373630466134e-09
"ENSMUSG00000068220",601.807198244183,1.89827873942497,0.406834627323002,4.942374018488,7.71769757836023e-07,0.0001115916068218
"ENSMUSG00000033389",22.7505752390528,1.48149505554695,0.357896392258943,4.10025797527974,4.12689835710028e-05,0.0031781603108756
"ENSMUSG00000029695",4310.33881220751,-0.646816695431646,0.191180850972048,-3.38299900172361,0.000716988929123627,0.0294485018135704
"ENSMUSG00000074272",2593.90517574657,-0.729286329437287,0.220741098123376,-3.30324339328428,0.000955733952798871,0.0359763917004796
"ENSMUSG00000024118",719.385004719186,-1.33314139704092,0.327991130844574,-4.05776340955105,4.95449216203186e-05,0.00361969145461887
"ENSMUSG00000064246",15.0639874030098,1.26699172526628,0.410886462630202,3.33509416702508,0.00085270518404552,0.0331036505696576
"ENSMUSG00000040711",26.8658569029217,1.58689009410341,0.367306020060824,4.28521441150455,1.82563031429942e-05,0.00167981698400148
"ENSMUSG00000012187",82.6445621803825,1.33022803181279,0.412364116074709,3.37727022208387,0.0007320909069301,0.0296392232891415
"ENSMUSG00000023913",149.94832567489,1.2538818522858,0.317772909720889,3.95013952160694,7.81056501535063e-05,0.00524529413590135
"ENSMUSG00000024300",34.1535628464635,1.25541244188263,0.412974911818159,3.26059211133141,0.00111179849024622,0.040764127908278
"ENSMUSG00000002032",272.24381070539,-1.11974674061652,0.280246675153876,-3.99211838251413,6.54856649080349e-05,0.00452649693535051
"ENSMUSG00000021238",9584.01113488867,-1.27116964510964,0.381756975336964,-3.32050919563316,0.000898533989918522,0.0344114233436364
"ENSMUSG00000062054",3278.66914746903,-0.71473961592966,0.199070513694047,-3.59000163732413,0.000330675884336941,0.0164988636656847
"ENSMUSG00000009905",975.138466476965,0.804205355172756,0.224346551871847,3.58508824187343,0.000336964253487416,0.0166950471046038
"ENSMUSG00000052336",47.7856963821378,1.33893685705366,0.362468498000075,3.69950255067069,0.000216022469420548,0.012098965975056
"ENSMUSG00000104445",240.199260209419,1.51986476338142,0.321157862207734,4.74229484412668,2.11310778026252e-06,0.000269754389606486
"ENSMUSG00000069520",3586.57827813633,-1.04271026293599,0.304998695739953,-3.41533496285452,0.000637036201578253,0.0270263562166582
"ENSMUSG00000033308",20240.5164681681,-0.845200495314894,0.249198254794277,-3.39055518473599,0.000697512100849077,0.0287983168475273
"ENSMUSG00000101389",7.22401050991867,0.933823301022097,0.367013490592685,3.7424089296075,0.000182264596189429,0.0106283511440503
"ENSMUSG00000031214",38.1361277064626,1.238876879988,0.348314938866082,3.54573293363458,0.000391522786698622,0.0184929262917316
"ENSMUSG00000034457",45.7995570412337,1.28847981384547,0.403224774980205,3.24866765066295,0.00115946860785077,0.0415941017044189
"ENSMUSG00000001995",129.765228561987,1.09297003947001,0.291443077615814,3.75073734750691,0.000176315317565683,0.0103239175615939
"ENSMUSG00000094156",43.9292863201157,-2.06005379642159,0.413515345766888,-5.20174396021129,1.97427093861628e-07,3.45375545681391e-05
"ENSMUSG00000064360",55776.5636932629,-0.868231374841207,0.230551146907191,-3.76498995760433,0.00016655577605487,0.00996348183681675
"ENSMUSG00000101514",240.72606277279,-1.13434263614384,0.267334691787019,-4.23976110700218,2.23757786779464e-05,0.00198165489916563
"ENSMUSG00000094796",7.12197062358394,1.55455720902367,0.407743482867271,4.05767901157682,4.95628244112537e-05,0.00361969145461887
"ENSMUSG00000090925",26.8750812776771,2.69506686673538,0.387195881774792,6.47435659129739,9.52167949579172e-11,3.45954355013766e-08
"ENSMUSG00000063146",46.1572335256229,1.65900665347758,0.304245435219361,5.40627505211036,6.43489545228303e-08,1.24907491176508e-05
"ENSMUSG00000031725",7110.89351286378,0.722579804904013,0.19568644847882,3.69290853896868,0.000221703775048666,0.0123106406951206
"ENSMUSG00000096215",8.68183281727616,0.958445650746142,0.368959519461368,3.91619431214186,8.99577522807471e-05,0.00595654836363639
"ENSMUSG00000027048",4787.3835527064,-1.20173521666173,0.303442532838541,-3.95606321562208,7.61950061873774e-05,0.00514134875083399
"ENSMUSG00000031298",30.874216295172,1.30432449661331,0.413142361844012,3.37783776509235,0.000730581691656192,0.0296392232891415
"ENSMUSG00000022175",380.204838662991,0.915348076782224,0.245114537862159,3.73479290997265,0.000187869717762243,0.0109103028716843
"ENSMUSG00000043079",108.923853724987,1.51401133140211,0.239221438120169,6.31124380095955,2.76801734179918e-10,8.71617905184319e-08
"ENSMUSG00000001131",18.6101569442642,2.58815930552818,0.406197539619685,5.44946530882578,5.05214762730981e-08,1.02269902684257e-05
"ENSMUSG00000032231",706.205220891961,1.48592728658829,0.35451158730908,4.21855977549136,2.45867791632495e-05,0.00209876301652558
"ENSMUSG00000028359",70.7169274010383,2.06365196647118,0.409489342005981,5.34426911589572,9.07826081355742e-08,1.67063578867673e-05
"ENSMUSG00000090171",1249.46263351424,1.66113747573151,0.370891142140871,4.53151473564222,5.85622512985663e-06,0.000603448375086111
"ENSMUSG00000021973",643.347546608057,0.765030094703456,0.233685748539652,3.27420055477521,0.00105961377561672,0.0391008520846065
"ENSMUSG00000027983",448.539867219949,-1.51922168921725,0.404604004518426,-3.75576734838404,0.000172811173498242,0.0101607233546477
"ENSMUSG00000045730",53.1890890571018,1.45635921375009,0.306994949687733,4.72223803460804,2.3326344373159e-06,0.000283704146155714
"ENSMUSG00000044468",275.133214267617,-1.62019266028654,0.283800879998375,-5.70049448853021,1.19460395237794e-08,2.7302480653541e-06
"ENSMUSG00000040152",66.3011641083072,1.17468264018409,0.288667834756193,4.06199828709302,4.86544342361552e-05,0.00359079861003291
"ENSMUSG00000035914",54.8833918970586,1.51597588394375,0.405734746967614,3.83143383467367,0.000127398636929762,0.00809524074123198
"ENSMUSG00000087382",41.636156425945,-1.22941361565405,0.361114929852969,-3.39291057607529,0.000691542098768719,0.0286524898817332
"ENSMUSG00000024143",697.675668411624,0.624606310659168,0.189847703310203,3.29001003778854,0.00100183808815296,0.0372693593144996
"ENSMUSG00000027495",2528.30766986288,-0.95621602325366,0.223712977654786,-4.27329578098256,1.92604688639067e-05,0.00175281485516832
"ENSMUSG00000041779",240.156286597112,-0.978004473962023,0.289767694982204,-3.3724308102867,0.000745078041842406,0.0299936245821219
"ENSMUSG00000041773",198.511419204792,0.976033043577044,0.219759176851788,4.4388579291214,9.04374866487678e-06,0.000902464215361296
"ENSMUSG00000038370",129.613989897931,1.2808277798753,0.357883550883945,3.59284503376789,0.000327087125497678,0.016494037609616
"ENSMUSG00000049721",26.8014179368319,1.29617682062134,0.404124954976549,3.25446887505763,0.00113604608057261,0.0411707748381431
"ENSMUSG00000049723",126.770116041656,4.44772866437189,0.374945942670009,9.73482235992443,2.14191603227025e-22,3.79386877215868e-19
"ENSMUSG00000073491",10.1543421044287,-1.65371085607642,0.395961640973983,-5.00853750608639,5.48451888016327e-07,8.44735136216452e-05
"ENSMUSG00000031613",2159.98926940779,-1.08388794674458,0.247799820232046,-4.37222115823672,1.22988845309232e-05,0.00118554553607606
"ENSMUSG00000044005",3372.12137504387,-1.06803667586776,0.308958999141167,-3.45315499619562,0.000554070544253233,0.024232035839717
"ENSMUSG00000035780",4123.10025088223,-0.76953897823834,0.207806470499105,-3.70264501645226,0.00021336332786328,0.0120934334232907
"ENSMUSG00000035783",65.6767912947197,1.53364492376767,0.36602419005938,4.20609039780581,2.59826338882516e-05,0.00217854391832264
"ENSMUSG00000066829",113.458297975825,1.09824025372561,0.323565019476805,3.39663135750859,0.00068220805116323,0.0284320237793617
"ENSMUSG00000039601",632.333631560957,1.94780222340281,0.304830873093973,6.4056123591891,1.49767041765763e-10,5.05285471862109e-08
"ENSMUSG00000031451",623.352327543573,1.03878056730104,0.267868336195635,3.87983173897804,0.000104528749095454,0.00674279872724088
"ENSMUSG00000028019",56.5774838491864,1.42767539672189,0.32470830877742,4.38838659340566,1.14194654698656e-05,0.0011083138747123
"ENSMUSG00000074634",366.601620769166,-1.28122250413248,0.359147344738762,-3.55851767107063,0.0003729537029325,0.0180367029711724
"ENSMUSG00000030681",620.273110856347,1.43101878324759,0.276780599905089,5.17431532424604,2.28748232139627e-07,3.95288103587624e-05
"ENSMUSG00000027864",128.260570235799,1.17554322763953,0.323699683632452,3.63439199693919,0.000278636947863789,0.0147324087732458
"ENSMUSG00000048706",1091.66851349893,-0.714128254986261,0.216425702935644,-3.29913449509928,0.000969834330403505,0.0363559588936975
"ENSMUSG00000032369",451.515584949806,0.92011855891187,0.244960639099842,3.75653731066239,0.000172280596222487,0.0101607233546477
"ENSMUSG00000062181",5186.66322293926,-0.982541252564,0.272157580128553,-3.60816108322972,0.000308375014087663,0.0158321519913847
"ENSMUSG00000024851",46.6940870149667,1.26173580020507,0.344192673300784,3.65909106146353,0.000253111395832946,0.0137417183101641
"ENSMUSG00000048965",27.194410861851,1.69748612231157,0.354496668196575,4.7268303285594,2.28051666578685e-06,0.000280999314384345
"ENSMUSG00000025278",476.330225699521,0.95303737198642,0.273262421053084,3.48936647132438,0.000484166881744861,0.0217109009946984
"ENSMUSG00000030342",299.210463963659,1.06837044402205,0.300798410181263,3.55450030635839,0.00037869807043405,0.0181769356007433
"ENSMUSG00000030340",273.340607827114,-1.0865095714148,0.290768126283195,-3.73321508650628,0.000189051021491494,0.0109340937736101
"ENSMUSG00000030341",1299.85317761017,0.720444784686496,0.180955679091682,3.98134549424568,6.85262586465225e-05,0.00469090379237306
"ENSMUSG00000079293",247.674294437185,1.48279214246148,0.356053098360199,4.18722545024877,2.82385292474269e-05,0.00229965493928758
"ENSMUSG00000035868",85.7747339157607,-1.06450010779307,0.234474490247131,-4.53592874882845,5.73505410731078e-06,0.00060196827185625
"ENSMUSG00000032849",252.921705873358,1.4257870832381,0.341029589081249,4.19487265523049,2.73024934641048e-05,0.00224928100224631
"ENSMUSG00000037419",224.280315980573,0.944270378784999,0.243357146185453,3.87946359819423,0.000104687065631122,0.00674279872724088
"ENSMUSG00000037411",59.5473500422435,1.23928588990204,0.366215188370774,3.38992150349685,0.00069912639347561,0.0287983168475273
"ENSMUSG00000037415",787.815123337182,-1.03026365452851,0.172368180969157,-5.97631605839752,2.28239992593972e-09,6.46832139011316e-07
"ENSMUSG00000026189",764.997635220312,-0.812518356167734,0.236588481569653,-3.4334718392975,0.000595904101108645,0.0257035203454565
"ENSMUSG00000040213",3167.32317360003,-0.97731467400493,0.301697111194233,-3.23644760272757,0.00121027443309827,0.0427670541571136
"ENSMUSG00000052751",225.399563403253,-1.30858357653938,0.372569190871656,-3.50181292978646,0.000462103952598461,0.0209410979269814
"ENSMUSG00000052419",277.23955952243,1.25575008213725,0.355347373232748,3.55031870561081,0.000384765043867912,0.0182957069517057
"ENSMUSG00000036545",50.5058215828525,1.1646549255696,0.337916319067378,3.4437470201192,0.000573712242429259,0.0248608638386012
"ENSMUSG00000022324",35.5891854314591,1.82193545184259,0.336200593925305,5.35414099366288,8.59638123616174e-08,1.60277265942647e-05
"ENSMUSG00000075000",48.5456253194979,0.18928947708108,0.208167755829839,7.20953478548075,5.6143354603659e-13,3.97775667366924e-10
"ENSMUSG00000005547",19484.1456120145,1.08960805202503,0.2499349843231,4.36191662155424,1.28928006317287e-05,0.00122611399296373
"ENSMUSG00000046110",8.37263061675894,1.07508863085429,0.378791070377126,4.05274403291716,5.06203773620285e-05,0.00365964666948951
"ENSMUSG00000071633",2999.23156307967,-0.981456921861293,0.271529092073128,-3.61251394082187,0.000303242798270738,0.0156823009178699
"ENSMUSG00000008348",6037.06735809032,0.893908110232821,0.281068138527713,3.18291560175433,0.00145800106239828,0.0497828314558643
"ENSMUSG00000036006",36.8562311309172,-1.34189739989972,0.307718616652495,-4.3434360347558,1.40271332727127e-05,0.00132509652316226
"ENSMUSG00000028655",595.953459246482,-1.73427622046142,0.363570090826722,-4.75812781453694,1.95396765577252e-06,0.000254015795250427
"ENSMUSG00000005338",77.8848946057028,-1.40670334739432,0.307090717980526,-4.56924238043368,4.89490434925991e-06,0.00052546056537131
"ENSMUSG00000031626",588.116437589441,-1.04683366802817,0.311002175547235,-3.36207807070637,0.00077358248683633,0.0310466223978304
"ENSMUSG00000045094",165.445725199469,-1.6488944287005,0.241224316458988,-6.82502223047588,8.79117009356783e-12,4.61373630466134e-09
"ENSMUSG00000038539",1679.15952942751,-0.895727438514861,0.254872719253236,-3.51303532120034,0.000443018579192558,0.020315771091128
"ENSMUSG00000018868",46.9874535491878,1.18338997226947,0.407963371709636,3.25260690278879,0.00114351572351574,0.0412305796494099
"ENSMUSG00000056608",946.970970930413,0.967056297732331,0.213654738804006,4.52664241100735,5.99282190042092e-06,0.00061092292322996
"ENSMUSG00000033287",72.1705602095274,1.32846974363893,0.326224308176093,4.06855390440134,4.73058178765629e-05,0.00350954680267485
"ENSMUSG00000041859",106.417330720871,1.04965066744399,0.287322424510483,3.65131937663122,0.000260896556283012,0.014056669971598
"ENSMUSG00000021135",6918.81272037876,-0.972466149162887,0.302834856662639,-3.20828422139221,0.00133529466488099,0.046603757146216
"ENSMUSG00000063568",68.8818931322583,1.84007521529445,0.361117332449559,5.09889086368178,3.41649451636839e-07,5.62927061592327e-05
"ENSMUSG00000021867",831.543631956405,-1.397006786287,0.242445084514428,-5.75902126984763,8.46030425497809e-09,2.06693984987999e-06
"ENSMUSG00000062382",4998.48194086343,0.989961572419016,0.306234793605975,3.23741475703288,0.00120617968443478,0.0427670541571136
"ENSMUSG00000060716",20.2493801785832,1.40989226429607,0.40515789537076,4.12404588389239,3.72274683855966e-05,0.00291443771836411
"ENSMUSG00000031271",3830.73827962167,1.10655255315468,0.341571865115964,3.25073588542842,0.00115106735945895,0.0413975240698814
"ENSMUSG00000032773",5.47009367064182,-1.68656875618136,0.400816894502854,-4.6285400387406,3.68252671828654e-06,0.000420817770952583
"ENSMUSG00000024791",13.3468233047025,1.23092143315464,0.406444730275948,3.31196579352125,0.000926428728022511,0.0352889652582768
"ENSMUSG00000026426",83.1917139405979,1.13766944664867,0.335204554306068,3.39696676829925,0.000681372411027953,0.0284320237793617
"ENSMUSG00000017499",11.5127465367989,1.47123543298234,0.413494727985064,3.63990298766842,0.000272740778535548,0.0144746697822049
"ENSMUSG00000062991",19.4832163606712,1.51999061008962,0.398366170886987,3.81493420593274,0.000136219222251615,0.00854082468719198
"ENSMUSG00000070644",2353.20359773187,-2.37407616129455,0.264913074701719,-8.95171568351878,3.49999460285444e-19,5.51054705804971e-16
"ENSMUSG00000037148",32.5953039284945,1.79549324229538,0.353687366209197,5.02423595208639,5.05440662713025e-07,7.95788243404841e-05
"ENSMUSG00000038260",25.5378177397635,1.33222185432668,0.410978468737304,3.59169219058415,0.000328537756911452,0.0164988636656847
"ENSMUSG00000039131",49.0382813461988,3.17686194218209,0.408599991541093,7.42710800578697,1.1099772474374e-13,9.83023599761744e-11
"ENSMUSG00000027965",86.9525431184602,-1.61696883428815,0.340844513420763,-4.72705517954242,2.27799376850431e-06,0.000280999314384345
"ENSMUSG00000023044",1685.3751963575,1.3476345901162,0.359007610819591,3.77832426856145,0.000157887207282613,0.00965108412580566
"ENSMUSG00000045934",182.008438337332,1.5611078165756,0.385576540954922,4.10392873359694,4.06192636276663e-05,0.00314521839127886
"ENSMUSG00000030137",39.2369701790511,2.37110931970164,0.391608938759321,6.01185401338318,1.83413458950935e-09,5.30401778231581e-07
"ENSMUSG00000028278",94.2049695257612,1.4238313503305,0.304468296878427,4.67070472693547,3.00168152982289e-06,0.000354448560646586
"ENSMUSG00000026715",13848.0227937535,-0.534088281357958,0.159794209579467,-3.34224782764017,0.000831028271687541,0.0324398639388773
"ENSMUSG00000074115",1831.18716274418,1.51722559997738,0.347513670842625,4.39142434297059,1.12610520515595e-05,0.00110047660393516
"ENSMUSG00000052684",243.528614362656,1.29005720380654,0.343514847494276,3.76773899107304,0.000164732806517455,0.0099330377376695
"ENSMUSG00000039865",257.361608514164,0.995144577710315,0.277246682494427,3.59055519496425,0.000329974342589333,0.0164988636656847
"ENSMUSG00000019143",601.046648998257,-0.599408485250882,0.167600498216881,-3.57627403515257,0.000348526304889821,0.0172077273180793
"ENSMUSG00000061393",11.9748907684641,-1.39195558230143,0.391803872204639,-3.5045568629587,0.000457367882924799,0.0209061383904658
"ENSMUSG00000093954",62.7310493801057,-3.36405743800444,0.409853010615758,-7.52175609224875,5.40453398159775e-14,5.10548310128268e-11
"ENSMUSG00000002808",23.5845036258892,1.84277891891002,0.386214617107528,4.71596409961819,2.40568854711768e-06,0.000288886497564894
"ENSMUSG00000041261",1633.99802418179,-0.982118165609975,0.216587581822915,-4.5334989005659,5.80145683226817e-06,0.000603448375086111
"ENSMUSG00000031502",318.370531034619,1.01787904279452,0.303828009105308,3.35296417088184,0.000799510556259104,0.031645431793831
"ENSMUSG00000066357",584.062202535175,0.888704238833712,0.22717540680187,3.91215648897068,9.14756022649855e-05,0.0060009689078465
"ENSMUSG00000054474",1078.2549234716,0.653897750711661,0.200794174908737,3.25672642327766,0.00112705001517154,0.0409494838845659
"ENSMUSG00000037541",89.813378351512,-1.97849359921686,0.344881708849665,-5.70748374238409,1.14658568692081e-08,2.66346216125702e-06
"ENSMUSG00000049493",110.025586414561,1.78737272535962,0.383598740905063,4.72137886383646,2.34251129853342e-06,0.000283704146155714
"ENSMUSG00000034783",28.5418189852715,1.24273888826343,0.391740515888274,3.19055961285072,0.00141997543243942,0.0489839012174815
"ENSMUSG00000028427",18.4353340294805,2.22232911766681,0.413410434807805,5.88561461845968,3.9657743204685e-09,1.08067350232767e-06
"ENSMUSG00000037788",154.41021089949,0.872620934921204,0.261878341665206,3.33102582425378,0.000865265749319058,0.0332377139746608
"ENSMUSG00000015085",85.9402274805834,0.991318505641012,0.299448114531909,3.30909655059624,0.000935975539555979,0.0354619609505568
"ENSMUSG00000033059",153.805828650232,1.39482950875096,0.333333408989677,4.19139311068666,2.77246800193994e-05,0.00227085962933462
"ENSMUSG00000008167",648.960730271347,0.898094884718284,0.231387005837982,3.88184679724036,0.000103666181962609,0.00673830182756955
"ENSMUSG00000030131",5658.6169358766,-1.54304490894995,0.348009491196315,-4.42441946862367,9.67019670850147e-06,0.000958228582933328
"ENSMUSG00000070810",119.984952888412,0.259773137324892,0.238096013445589,3.39877347493875,0.000676887537345608,0.0284320237793617
"ENSMUSG00000055301",244.534487015746,-0.875247460701792,0.258981296895567,-3.3780500423513,0.000730017945155851,0.0296392232891415
"ENSMUSG00000040446",208.879466246967,-1.01859925704638,0.293966764483345,-3.46180237553538,0.000536570998337088,0.0236160617152477
"ENSMUSG00000027947",875.285577566,-1.27132369396614,0.250074506244293,-5.08095553369414,3.75541026018787e-07,6.04706402123433e-05
"ENSMUSG00000024622",193.97632979098,0.928162484483944,0.249388183869938,3.7211750218593,0.000198297937736899,0.0114222836493165
"ENSMUSG00000057897",97.9197653398248,1.64064695275795,0.349354715181965,4.71050716413402,2.4710111314846e-06,0.000294237207841486
"ENSMUSG00000023908",5.02686262496545,0.881132452637682,0.36255730922477,3.40178873240815,0.000669463690555795,0.0282330371880227
"ENSMUSG00000020331",5.51914437099151,0.892132678991389,0.363481236068481,3.48299371846479,0.000495839998782643,0.0220945056061322
"ENSMUSG00000054226",1442.70411087719,-0.918151000547265,0.254689440728998,-3.60354879829064,0.000313901781116717,0.0159999576921722
"ENSMUSG00000004038",3508.29636391371,2.50086976681677,0.383955428527659,6.74158793569183,1.56664870684791e-11,7.16110070194674e-09
"ENSMUSG00000026270",116.049664954758,-1.53631738240707,0.218114621743874,-7.03199252313063,2.03604716512193e-12,1.25438210129468e-09
"ENSMUSG00000028542",333.124304015645,1.21897577655736,0.329341529595411,3.71037628384074,0.000206951413638978,0.0118246029486465
"ENSMUSG00000021696",38.5594115206511,1.91300759104753,0.409559839187874,4.8480097288468,1.24706286542864e-06,0.000169912315414653
"ENSMUSG00000078452",347.08780446692,2.04031171646283,0.183933400070202,11.0728864612029,1.69840309580018e-28,3.43805312392694e-25
"ENSMUSG00000078452.1",347.08780446692,2.04031171646283,0.183933400070202,11.0728864612029,1.69840309580018e-28,3.43805312392694e-25
"ENSMUSG00000078452.2",347.08780446692,2.04031171646283,0.183933400070202,11.0728864612029,1.69840309580018e-28,3.43805312392694e-25
"ENSMUSG00000078452.3",347.08780446692,2.04031171646283,0.183933400070202,11.0728864612029,1.69840309580018e-28,3.43805312392694e-25
"ENSMUSG00000021208",81.9006980022145,1.51488114511044,0.367994831265345,4.13475251743029,3.55337349581049e-05,0.0028282807890264
"ENSMUSG00000025007",40.3160429415745,1.25712667624573,0.363720129071593,3.45872592612246,0.000542736875459477,0.023809849923408
"ENSMUSG00000005220",40.6674333117699,2.64357135072982,0.399182212530275,6.50703218764249,7.66499934642313e-11,2.89518395259248e-08
"ENSMUSG00000081534",1842.43110517294,0.829160797360701,0.22508904055925,3.684390919054,0.000229250174612342,0.0125909882723135
"ENSMUSG00000052520",9831.75391083149,-0.672337658964249,0.200316274258211,-3.35603685375257,0.000790680316250345,0.0315223353216354
"ENSMUSG00000076441",17614.5229059526,-1.05069996119221,0.28984191837283,-3.62221621842483,0.000292089816002193,0.0152386952654438
"ENSMUSG00000039782",492.927324273421,-1.08800053597353,0.341094864150234,-3.18398584349264,0.00145262116309462,0.0497189417416686
"ENSMUSG00000029597",1250.8815299754,-1.38246265058033,0.304743090330896,-4.5307698195231,5.87691430923665e-06,0.000603448375086111
"ENSMUSG00000005413",291.222474825935,1.09569181313176,0.310008322481316,3.53824432242886,0.000402797162743713,0.018775117750258
"ENSMUSG00000026749",1363.6588871924,0.691554711969249,0.213762260737613,3.23548437611792,0.00121436531173109,0.0428048668339043
"ENSMUSG00000071456",16.1394986347483,-1.31422844087829,0.413554508514465,-3.1844938998004,0.00145007367134105,0.0497189417416686
"ENSMUSG00000073489",48.9190931877107,-1.25574705630583,0.368029041804387,-3.39805111334998,0.00067867738703733,0.0284320237793617
"ENSMUSG00000050359",21.98418773599,2.38566470198352,0.413593474436988,6.16565045208796,7.01939919454672e-10,2.07218513722348e-07
"ENSMUSG00000091476",62.1521666967514,3.56304320828503,0.403463316669088,7.88283384248225,3.20038518668606e-15,3.4884198534878e-12
"ENSMUSG00000029417",296.71409401775,1.00918522871973,0.305870661907799,3.30282234960195,0.000957170054416429,0.0359763917004796
"ENSMUSG00000001986",59.1301506436173,2.0412527434525,0.298461159713571,6.76164498259785,1.36433691862123e-11,6.6664324609872e-09
"ENSMUSG00000026535",29.5874469073208,3.59970582063299,0.396113753649661,7.3356936144788,2.20576107480712e-13,1.83856673117747e-10
"ENSMUSG00000008734",227.202511383827,4.3589223958289,0.319158169717941,13.0746496072323,4.59677183312585e-39,3.25681284376967e-35
"ENSMUSG00000021704",242.637708136786,-0.687623468667861,0.207180860206284,-3.31848206847178,0.000905081334862869,0.034568739932633
"ENSMUSG00000039831",964.199844575522,-0.873229497029384,0.260958381842977,-3.34476587707058,0.000823520549274236,0.0322355971912042
"ENSMUSG00000020072",1805.37353848716,-1.03084651127852,0.229514538792315,-4.49014848635983,7.11735404505834e-06,0.000715268842684232
"ENSMUSG00000027937",2573.34117689806,-0.74967020352669,0.224854771843392,-3.33339445411159,0.000857932155012645,0.0331304748362961
"ENSMUSG00000026043",1320.92693343996,1.13368507443384,0.232902074064542,4.86885276731991,1.1224799798415e-06,0.000154422731207321
"ENSMUSG00000042195",28.4569840952779,1.72925355047813,0.406416524077305,5.81746833403385,5.97455755191273e-09,1.53926328201097e-06
"ENSMUSG00000089929",13.40363036313,1.50861113204472,0.410219099509415,3.68239506809222,0.000231052980984334,0.0125923874636462
"ENSMUSG00000024587",1583.61060940063,-0.793077776687674,0.209884290426908,-3.77804963138167,0.000158061383326444,0.00965108412580566
"ENSMUSG00000057465",431.508411788569,2.58178402869078,0.301382315179103,8.57828827318654,9.62953689640715e-18,1.36450537822089e-14
"ENSMUSG00000031245",611.655144164866,-0.859938384197466,0.237359944149828,-3.6218408016795,0.000292514122244229,0.0152386952654438
"ENSMUSG00000029664",2192.0038867125,-0.892351377149751,0.254744769500582,-3.50154650076667,0.000462566242141509,0.0209410979269814
"ENSMUSG00000029661",305.750076165089,1.44049169420638,0.311222016944202,4.63580172553075,3.55556663226487e-06,0.000409984957579103
"ENSMUSG00000029304",1034.99659842963,1.44049628910851,0.344422841704194,4.20275643384476,2.63684268180086e-05,0.00219788592947754
"ENSMUSG00000032202",56.525048313652,1.15555002231616,0.352628814182658,3.28051508496219,0.00103617723599168,0.0383358523080995
"ENSMUSG00000021339",970.086944650049,-0.603289811636964,0.174953514379154,-3.44811730608911,0.00056450880737126,0.0246125840013869
"ENSMUSG00000028369",4.73877790677065,0.877833763568063,0.362371119018792,3.35516369182986,0.000793180347908434,0.0315223353216354
"ENSMUSG00000028364",39.3380172098911,1.16388466952046,0.314856806877014,3.6832358222957,0.000230291931147018,0.0125923874636462
"ENSMUSG00000004558",13898.5662432346,-1.16977875230077,0.17584488366482,-6.6516494432545,2.89826361203429e-11,1.20789398183899e-08
"ENSMUSG00000047963",1770.76904070889,0.951514607184053,0.268159019943879,3.5504525715832,0.000384569421924393,0.0182957069517057
"ENSMUSG00000029032",66.4714850634954,1.28460356905567,0.339015356514234,3.78679706199548,0.000152601632366145,0.00940158752447078
"ENSMUSG00000039328",22.4389220429212,1.24830932472263,0.37284792747697,3.33334901908586,0.000858072284045212,0.0331304748362961
"ENSMUSG00000048612",84.4398422553638,1.0106545951008,0.279333596492363,3.61455199057202,0.000300867438016917,0.0156164527351638
"ENSMUSG00000039323",1832.27319695252,-1.38610781212883,0.34618333646571,-3.99559101156427,6.45330592713741e-05,0.00451349797287536
"ENSMUSG00000070368",42.560658432405,-2.69569785389432,0.405829267992281,-6.56796652110146,5.10070050176935e-11,2.00769239194643e-08
"ENSMUSG00000027907",58.0554870524644,1.54073196759909,0.410537597250451,3.91260640975676,9.13052835832408e-05,0.0060009689078465
"ENSMUSG00000020865",4376.72940460117,0.651761042633407,0.200390888596232,3.25275441963615,0.00114292228086423,0.0412305796494099
"ENSMUSG00000042305",4045.32204349129,-0.748032233993498,0.219269461135175,-3.4109019638591,0.000647483674806593,0.0273875930507744
"ENSMUSG00000027712",3416.72536164944,1.50702547733061,0.269227873239979,5.60362455749457,2.09915141198454e-08,4.50681447088195e-06
"ENSMUSG00000040412",136.830714805606,1.94976809979912,0.411475646739204,5.1485211702413,2.62548157890795e-07,4.48229806905128e-05
"ENSMUSG00000046818",62.6445154925392,1.49681163890706,0.352210899679167,4.25162942322544,2.12220811174423e-05,0.00191539420021756
"ENSMUSG00000026447",146.2882865102,-0.99453940018945,0.235590813877967,-4.219253820238,2.45112201930349e-05,0.00209876301652558
"ENSMUSG00000064202",43.5718897626086,-1.42988999716504,0.294771866601018,-4.83230554258158,1.34960912392744e-06,0.000182132964629065
"ENSMUSG00000027562",363.969772032698,1.26933097342012,0.332843043134891,3.82382316623903,0.000131398171139272,0.00831031860877678
"ENSMUSG00000019990",120.421207719354,-0.922074157620171,0.258215431076441,-3.56862979868457,0.000358853060677411,0.0176560689923573
"ENSMUSG00000030543",11.3045081822906,1.55240196322052,0.410261730853152,3.96127465279647,7.45507200515554e-05,0.0050544674790935
"ENSMUSG00000072680",745.646525091823,-1.37183480437914,0.235329649950315,-5.8265635268575,5.65803353185979e-09,1.4847099101195e-06
"ENSMUSG00000029269",947.370826176016,-0.840998360942744,0.236382603526376,-3.55684262295729,0.000375338855672364,0.0180903115131884
"ENSMUSG00000035385",87.1097968367672,1.43765116897282,0.361356700483107,3.99304902368088,6.52290758196091e-05,0.00452649693535051
"ENSMUSG00000032562",1422.3079994426,0.552284780072729,0.155850405310844,3.54365524381063,0.000394620903768273,0.0185773362338752
"ENSMUSG00000031446",1268.63002138164,-0.893212919382086,0.215639921837489,-4.14133494805486,3.45290297829656e-05,0.00276427317528035
"ENSMUSG00000097482",18.2253712587142,-1.36922524825323,0.383709743607729,-3.53951951674717,0.00040085612905531,0.018775117750258
"ENSMUSG00000039196",3117.36471016356,0.917613094284707,0.270622401236567,3.3929326621529,0.000691486344565171,0.0286524898817332
"ENSMUSG00000032366",378.524362101734,1.05067293492393,0.242073817073408,4.34024818097914,1.42321882679335e-05,0.00133556362752727
"ENSMUSG00000037902",290.625920264311,1.26672030379195,0.382284642102393,3.34843173839096,0.000812702984643871,0.0320779980289795
"ENSMUSG00000070639",122.478681766488,1.03134537330842,0.314264440764147,3.28270627196099,0.00102815734392518,0.0381387161346068
"ENSMUSG00000034220",185.491468514456,-1.91869050572708,0.410478623388323,-4.73649402192711,2.17447152389386e-06,0.000272674880474124
"ENSMUSG00000041293",43.0521500415616,-1.63380677144843,0.412686270247998,-3.98604475115312,6.71838458563865e-05,0.00462133541643202
"ENSMUSG00000055254",857.288888363535,1.85723198428059,0.333058266872759,5.60404436195343,2.09407074251468e-08,4.50681447088195e-06
"ENSMUSG00000046971",8.44478510732039,1.87662162047752,0.411538423507484,4.97222477120951,6.61889005848726e-07,9.76975751341297e-05
"ENSMUSG00000037826",2318.65367771297,-1.02973805395266,0.282359660294684,-3.64435239517933,0.000268065924560479,0.0143339401925358
"ENSMUSG00000037820",2256.47615567436,1.14044737075565,0.212979231111937,5.35565147337802,8.52486943560446e-08,1.60277265942647e-05
"ENSMUSG00000053219",268.908135967954,2.35748084612404,0.323550806816662,7.2983326707301,2.91355546031652e-13,2.29361560403806e-10
"ENSMUSG00000071714",33.292632017377,1.81898529474962,0.411450362197874,4.62434936876021,3.7577604325317e-06,0.000425979722631793
"ENSMUSG00000073405",30.7977975250596,1.1545589673842,0.403178440597816,3.33093727471763,0.000865541034343671,0.0332377139746608
"ENSMUSG00000025726",6.92223189447819,1.40155264959313,0.398664462121073,4.31758008766302,1.57749177764636e-05,0.00147059595324006
"ENSMUSG00000064325",54.7238422584715,-1.71543927385191,0.370985327095706,-4.59808863370358,4.26384606734456e-06,0.000472021084174003
"ENSMUSG00000067144",238.653092517409,-2.02328270207744,0.364974964553383,-5.52786256160327,3.24155831420235e-08,6.7548354870952e-06
"ENSMUSG00000022074",40.90011559996,2.60801395220442,0.395699896370948,6.50510180100546,7.76407834851899e-11,2.89518395259248e-08
"ENSMUSG00000037405",239.832100096368,1.05094766795276,0.301737434659703,3.48533053885945,0.000491529451864889,0.02197152155497
"ENSMUSG00000037406",10.5051502226969,-1.19546060683999,0.39050692160616,-3.31007542903394,0.000932708328288287,0.0354329142408714
"ENSMUSG00000023067",40.1882704742846,1.52503082547778,0.394164498212413,3.90164419587206,9.55415213072681e-05,0.00623881731301377
"ENSMUSG00000009614",7347.22056100022,-0.768268050584231,0.232964815348416,-3.29704705219653,0.000977071311685496,0.0365306081440197
"ENSMUSG00000050578",34.9406283843037,3.28252427941022,0.405306175418574,7.22024981162646,5.18921578912671e-13,3.8700625122066e-10
"ENSMUSG00000035439",54.7820521734613,1.4491904876109,0.354699870276766,4.08901942781865,4.3320057359242e-05,0.00328259472075112
"ENSMUSG00000019082",1630.68193657866,-1.45689128856345,0.349403700289645,-4.16059527976779,3.17419155945157e-05,0.00255558490894482
"ENSMUSG00000020905",8.03767165269495,0.903726686663693,0.363843737809062,3.77649155548113,0.000159052949456051,0.00965108412580566
"ENSMUSG00000055675",25.0133245811806,1.35430913868668,0.396373970157919,3.43125382522283,0.000600798155430791,0.025797908674104
"ENSMUSG00000042271",894.249452278661,-1.27060915265033,0.356715777521685,-3.55380426942435,0.000379701689330982,0.0181769356007433
"ENSMUSG00000026356",1425.93668139937,-0.999960440595585,0.19987875763362,-5.00197522956291,5.67458830050202e-07,8.64612002345308e-05
"ENSMUSG00000046169",19.0055479809188,-1.35820557087635,0.410787317135145,-3.28993908275205,0.00100209074797631,0.0372693593144996
"ENSMUSG00000057777",19.4169639337618,1.40595547397748,0.376461684901149,3.69994787082503,0.000215643758116111,0.012098965975056
"ENSMUSG00000018774",78.0828994026143,1.15749451343433,0.355913012967968,3.25867921853516,0.00111932152571353,0.0407732288415443
"ENSMUSG00000026117",51.9589926666414,-1.56536429742892,0.384614972459449,-4.04998510983685,5.12208920278727e-05,0.00367872049187408
"ENSMUSG00000020612",3119.08591574122,-1.1295357055689,0.200655898689652,-5.62818465060354,1.82116078074581e-08,4.03216379112002e-06
"ENSMUSG00000043467",167.696232118384,-1.58743601757663,0.395403522093099,-4.00687929558345,6.15262856534097e-05,0.00433745008810356
"ENSMUSG00000027762",1799.25124725744,-0.901035756565695,0.252674576146857,-3.56465196273479,0.000364339316416755,0.0177877146894633
"ENSMUSG00000010751",25.2246149714173,1.2690431330176,0.398694182638618,3.20221478733317,0.00136375272227429,0.0473636668495753
"ENSMUSG00000021340",1900.81826260871,-1.78137040536786,0.249968132382876,-7.12131724644574,1.06900412304137e-12,7.21323258261728e-10
"ENSMUSG00000020435",9.30043777526192,-1.73560908721483,0.399597654923474,-5.04593780863577,4.51302199733436e-07,7.18533951710425e-05
"ENSMUSG00000099146",560.447663251311,-1.0858607344634,0.255836537767416,-4.24223285213448,2.21306899569648e-05,0.00197227595402636
"ENSMUSG00000072676",854.329521531221,-1.40386063567172,0.243039112900459,-5.77310235607053,7.78251326906124e-09,1.93470549162452e-06
"ENSMUSG00000029254",140.381728788112,-0.9950713311365,0.274295843569834,-3.62533321171614,0.000288589104993559,0.0152018870548652
"ENSMUSG00000046668",964.451787331398,-0.982725057298236,0.303163233585572,-3.23850343513362,0.00120158573981447,0.0427670541571136
"ENSMUSG00000021939",10861.5099897027,0.552406230078721,0.169022597636469,3.26836428168276,0.00108171042065944,0.0398125627551797
"ENSMUSG00000116895",17.0908307785303,-1.40726119919155,0.406881142989141,-3.6036073558722,0.00031383103575189,0.0159999576921722
"ENSMUSG00000031906",104.458715191783,1.47522465037344,0.343792961536148,4.30086623996873,1.70131736784309e-05,0.00157566451649258
"ENSMUSG00000025405",1325.46118277423,-0.77316778702375,0.222167761107664,-3.47947505029639,0.000502397147092735,0.022316512772113
"ENSMUSG00000030364",47.6314134641258,-2.27066058847212,0.413602231488277,-5.74898267192554,8.9782017906714e-09,2.1562901588782e-06
"ENSMUSG00000027459",40.5775256339737,1.24401930412186,0.348484128828055,3.56396503574177,0.000365294634765971,0.0177877146894633
"ENSMUSG00000026417",12350.4449505814,-1.14575234457494,0.262224756971169,-4.36698214050899,1.25975023726677e-05,0.00120612573392366
"ENSMUSG00000019558",110.03462745721,1.48436325245107,0.354754109006831,4.19860273270298,2.68567006937166e-05,0.0022254938528068
"ENSMUSG00000019942",63.9214713339146,1.20441867886505,0.325676600095389,3.69479521910865,0.000220064074399104,0.0122768028906902
"ENSMUSG00000054792",84.3850841385397,1.10878838525463,0.299317005711957,3.70312091499189,0.000212963314643166,0.0120934334232907
"ENSMUSG00000020312",25.4167037357361,1.66655802706588,0.408580562931274,4.76485394489551,1.88990495184494e-06,0.000247962529330026
"ENSMUSG00000031659",55.2001182762253,1.13084642685385,0.354035397273111,3.1956313522799,0.00139525257437931,0.0483391906575912
"ENSMUSG00000028555",60.8017883936227,2.26132236710691,0.413432093309579,6.20671254263337,5.4104431407762e-10,1.63119104903827e-07
"ENSMUSG00000047638",1272.19922529312,-0.84862790985014,0.203935851313863,-4.16065410573167,3.1733740041744e-05,0.00255558490894482
"ENSMUSG00000028766",200.057960088293,1.42924226942742,0.258913924088823,5.51698700650474,3.44860920798719e-08,7.08214383727224e-06
"ENSMUSG00000032802",656.817698049799,1.34551486118229,0.368046107085427,3.68480590245052,0.000228876991281184,0.0125909882723135
"ENSMUSG00000043510",91.7653053429759,0.776996042040835,0.226509148661057,3.42723277886091,0.000609766118077989,0.0260729552913061
"ENSMUSG00000045211",270.444006496608,1.7839402730264,0.278050957557605,6.41471695424866,1.41084739581523e-10,4.8760262435858e-08
"ENSMUSG00000041828",950.880928864113,-1.21979389385835,0.323683824311087,-3.76279085237181,0.000168027716637244,0.00999575835084962
"ENSMUSG00000043415",228.694832871627,-1.19265407464416,0.3269285650792,-3.64151183607507,0.000271041661600253,0.0144385727250962
"ENSMUSG00000074802",150.435436049303,1.90203623068585,0.283365891629334,6.69866083341649,2.10338140823349e-11,9.3140357983339e-09
"ENSMUSG00000031380",3.05178534078407,-0.954259844794188,0.353037918964246,-3.1903969257798,0.00142077511647035,0.0489839012174815
"ENSMUSG00000031387",78.9038573453797,1.26277958251588,0.370417993254755,3.42472253936249,0.000615427587373587,0.0261880147540052
"ENSMUSG00000038387",278.510762935941,1.03469121997345,0.313356978539055,3.306121700679,0.000945969911384831,0.0357450497181948
"ENSMUSG00000026511",583.430684579597,-1.69494534582325,0.208521581046876,-8.12380925350035,4.51775586340385e-16,5.81969096222114e-13
"ENSMUSG00000026519",147.357570725393,-1.23729946500123,0.292751861561199,-4.22072292384704,2.43520104913491e-05,0.00209876301652558
"ENSMUSG00000021214",94.2446748066509,1.11834573205853,0.382336495347054,4.99867785907249,5.772474710745e-07,8.70169857992091e-05
"ENSMUSG00000073555",1888.56028178439,-0.968070241745239,0.269229458962281,-3.59377826978741,0.000325917220082894,0.0164937393163379
"ENSMUSG00000042249",74.014588120234,1.74971599741796,0.309313430454177,5.63139814970379,1.78754527639497e-08,4.02055818516139e-06
"ENSMUSG00000002831",125.765747256272,1.39199080660273,0.408214546523015,3.5295959989911,0.000416194679294328,0.0192728059006556
"ENSMUSG00000037613",21.6383886701425,1.41550504242227,0.400053334297762,3.54652526223105,0.000390347315178485,0.0184929262917316
"ENSMUSG00000068758",6.06407332751388,0.834150862564315,0.356941124774985,3.4617612856197,0.000536652919711346,0.0236160617152477
"ENSMUSG00000022940",415.734986657499,1.09270023019149,0.290453291462505,3.76485766550002,0.000166643979910061,0.00996348183681675
"ENSMUSG00000022947",19.0481422366071,2.02998068303102,0.412023037483637,5.7454490668926,9.16773507071736e-09,2.16511343253442e-06
"ENSMUSG00000029368",1431434.83615367,-0.752199754475439,0.232339333449523,-3.23680049586746,0.00120877886464704,0.0427670541571136
"ENSMUSG00000043419",17.7768084224274,1.37304031459105,0.39800511186468,3.44589315816945,0.000569175345603629,0.0247399222306854
"ENSMUSG00000037797",1601.67402073064,-1.14125077766818,0.297169500584968,-3.83673950619689,0.00012467859840291,0.0079580889160776
"ENSMUSG00000112532",21.5592904816506,1.79073710601937,0.355211338254121,4.93628398191712,7.9625141040559e-07,0.000113968509954012
"ENSMUSG00000031303",292.548869640326,0.955588795743895,0.270635503993891,3.53188529319597,0.000412608292478196,0.0191693754243149
"ENSMUSG00000031360",449.675623529228,1.25403579253291,0.194802868194574,6.43501110691062,1.23464301662127e-10,4.37372288638086e-08
"ENSMUSG00000024997",3140.79720366738,0.587193991733994,0.143861298954932,4.08167623512701,4.47120544132946e-05,0.00336677804151883
"ENSMUSG00000020553",2483.09309151073,0.675088711929565,0.209216269141564,3.22710579382824,0.00125049215974784,0.0438600839198685
"ENSMUSG00000038526",373.354844212417,-0.925939408414867,0.257475149543601,-3.59468744080497,0.00032478124956953,0.0164937393163379
"ENSMUSG00000027995",230.516613547759,1.32847217550912,0.326138316967707,4.08066926579857,4.49062138212462e-05,0.00336677804151883
"ENSMUSG00000050335",98.5056258081163,1.38771908737755,0.413238512356618,3.56263895843837,0.000367145455925096,0.0178166133919816
"ENSMUSG00000004677",353.353091226836,0.857856375220889,0.211444288110829,4.05650607377338,4.98122677241129e-05,0.00361969145461887
"ENSMUSG00000026389",157.720474184807,-1.42885440786821,0.207197970363388,-6.88904901145835,5.61665875717522e-12,3.18352218356691e-09
"ENSMUSG00000109311",7.8389386193939,1.47315573665538,0.401225876248815,4.49065262055547,7.10052749401928e-06,0.000715268842684232
"ENSMUSG00000019874",61.2996914329974,1.75914242301181,0.354414615901094,4.95672268062422,7.16921904571758e-07,0.000104729725647235
"ENSMUSG00000036427",1710.90109646928,0.903716288051409,0.282319934888384,3.20348307327079,0.00135776021293915,0.0472714059394294
"ENSMUSG00000030800",173.669952533414,1.49965684842597,0.413566806696953,3.93370950452699,8.36448662120373e-05,0.00559079129351212
"ENSMUSG00000037712",1690.76439538974,-0.629774825063053,0.165378601634534,-3.80792381182458,0.000140138431853316,0.00874784836723125
"ENSMUSG00000097691",32.8183671127716,-1.96368144036625,0.35007833562229,-5.54371315779941,2.96123792288631e-08,6.26279721899984e-06
"ENSMUSG00000001493",13.2858055223747,1.32656138066822,0.409837192898134,3.52218676730555,0.000428002496650634,0.0197134336828661
"ENSMUSG00000022751",1311.50918388285,-0.714516282121622,0.189915518112383,-3.76194866926715,0.000168594653906356,0.00999575835084962
"ENSMUSG00000025197",3221.5055630883,-1.01568975572649,0.241337271454473,-4.20712013544242,2.58645659677416e-05,0.00217854391832264
"ENSMUSG00000033594",171.08185451213,-0.837095807706801,0.229609998313107,-3.64468196318804,0.000267722662568844,0.0143339401925358
"ENSMUSG00000029201",3521.55621920367,1.15130176401375,0.287557050148548,4.00846352294549,6.11150762682287e-05,0.004330003153604
"ENSMUSG00000041992",86.2513489865475,1.19406056514572,0.255484050707191,4.66379544221864,3.104299697183e-06,0.000363536584372588
"ENSMUSG00000061540",726.340045340668,2.35295001962513,0.352189918991155,6.75478994289522,1.43042342631138e-11,6.75636665027742e-09
"ENSMUSG00000030739",166.467391708319,1.25816246855874,0.34512072727184,3.65727973173898,0.000254906147474486,0.0137863362966163
"ENSMUSG00000023367",2451.9924947908,1.08862055866919,0.223584092687256,4.8701556399154,1.1151037936213e-06,0.000154422731207321
"ENSMUSG00000022096",17.6107996240208,1.35470704017686,0.412783977467836,3.37345983875223,0.000742298740938037,0.0299668750971281
"ENSMUSG00000072964",159.431555190904,1.55045954194332,0.242085702088957,6.39263734266476,1.63048659658115e-10,5.37302211012905e-08
"ENSMUSG00000051225",43.9664694851079,2.28713406891067,0.402209646171515,5.80465501309992,6.44986653257951e-09,1.63204658511878e-06
"ENSMUSG00000040093",282.437758810423,-1.22099138556597,0.362312313017536,-3.36135246326358,0.000775617807257019,0.0310466223978304
"ENSMUSG00000022665",155.092683601223,0.824944905526751,0.256183559547793,3.21951464162683,0.00128407803088808,0.0449268782658868
"ENSMUSG00000034774",121.249017600474,-1.62298899619508,0.330160118476891,-4.90233457823508,9.47043561927846e-07,0.000132867398737798
