,baseMean,log2FoldChange,lfcSE,stat,pvalue,padj
Nop56,80.84461292,0.801683755,0.23113842,3.467092997,0.00052612,0.012763336
Hectd2os,1804.215065,-1.392693044,0.432180366,-3.465943192,0.000528375,0.012798854
Hpgds,36.12390806,1.334258295,0.359412859,3.698763248,0.000216653,0.006564897
Mad2l1,160.9871152,1.553122297,0.347786956,4.449636081,8.60E-06,0.000471805
Tmem30b,1742.463624,-0.448988405,0.138267739,-3.247221323,0.001165377,0.022664627
Cpxm1,22.68271137,1.44077104,0.423935033,3.370374476,0.000750661,0.016593504
Gm3776,108.1911907,1.295615601,0.385579489,5.039671586,4.66E-07,4.10E-05
Crybg2,41.46552335,-1.599836021,0.412884716,-3.964824505,7.34E-05,0.002719666
Maged2,96.87375109,0.973237578,0.213566384,4.556999907,5.19E-06,0.000306613
Zfp862-ps,143.1993053,-0.551551506,0.168456471,-3.273003011,0.001064113,0.021389341
Zfp992,53.52153831,1.25655266,0.403869398,3.091871781,0.001988987,0.034238091
Gpx4,8862.033121,1.356171447,0.309310954,4.375253438,1.21E-05,0.000627034
Uap1l1,125.7655313,2.408454933,0.267522224,8.968581659,3.00E-19,3.47E-16
Dpp7,758.8211991,1.008461714,0.157788567,6.390651674,1.65E-10,3.93E-08
Ocln,502.2998615,-0.75963307,0.257136913,-2.955682311,0.003119783,0.047578889
Nlrc5,282.0880296,-1.012286287,0.268587208,-3.770737131,0.000162766,0.005309914
Slamf9,49.11207286,1.392505538,0.28674962,4.848046052,1.25E-06,9.34E-05
Tagln2,449.1172196,0.983669,0.28595654,3.436115569,0.000590119,0.013838444
Mug-ps1,983.0769352,-1.110477915,0.246593659,-4.505574108,6.62E-06,0.000377141
Rbp1,290.4223443,0.931139355,0.256108998,3.633969968,0.000279093,0.007895122
Rab34,94.93751202,2.082651397,0.306435063,6.764151804,1.34E-11,3.81E-09
Col1a1,104.1073035,2.091314864,0.366219425,5.661406906,1.50E-08,2.15E-06
Pdzk1ip1,20.26732169,1.49843357,0.432079375,3.39659984,0.000682287,0.015397601
Mogat2,12.24058874,2.233897018,0.433893255,4.950856377,7.39E-07,5.98E-05
Hykk,4352.619372,-1.036284631,0.140663133,-7.367219089,1.74E-13,7.62E-11
Trub2,147.2565857,0.986432047,0.199086259,4.953498587,7.29E-07,5.93E-05
5830473C10Rik,534.7915339,-0.678150691,0.19640279,-3.45262472,0.000555161,0.013229833
Smyd5,198.1866189,0.815852547,0.249794534,3.264367279,0.001097088,0.021862055
Tuba1b,1433.710179,0.392219747,0.13355648,2.936752001,0.003316692,0.049784227
Cflar,1879.51248,-0.458417202,0.155003881,-2.957525246,0.003101194,0.047429501
Slc39a5,91.83420224,1.202064034,0.402453907,2.96305772,0.003045994,0.046883976
Mndal,53.89497353,-1.660913439,0.42268599,-4.080552462,4.49E-05,0.001845159
Sox5,203.3770616,-1.294003152,0.358531111,-3.631086454,0.000282231,0.007956052
Dlat,1332.23127,0.586709515,0.17377861,3.376002509,0.000735472,0.01628
Rnf152,817.0364783,-1.822354326,0.312758948,-5.847181388,5.00E-09,8.34E-07
Gm6135,144.9818976,-1.401994419,0.428366382,-4.238155339,2.25E-05,0.001044875
Mapkapk2,2550.37131,0.429127853,0.118492721,3.621528026,0.000292868,0.008150584
Spats2,84.31281432,0.907757775,0.276528055,3.281444478,0.001032769,0.020862956
Apoa4,8890.8175,0.980334297,0.289115366,3.386890218,0.000706897,0.015767863
Rtn1,34.30848193,0.93926018,0.289456794,3.243138329,0.001182208,0.022878211
6030458C11Rik,191.4064237,-1.220530035,0.384630352,-3.203071616,0.001359702,0.025376392
Pot1a,175.1855821,-0.429725899,0.144739165,-2.968135954,0.002996118,0.046348166
Cd63,129.3873328,2.554384849,0.302318752,8.398841431,4.51E-17,3.04E-14
Dgka,66.91379597,-0.886738967,0.24629616,-3.59366143,0.000326063,0.008764175
4833420G17Rik,651.8409654,-0.524764876,0.163312257,-3.213165549,0.001312806,0.024741701
Gm2436,32.41673022,-0.37994507,0.297959558,-3.435728651,0.000590963,0.013838444
Mks1,11.9099979,-1.444595895,0.408259182,-3.483875629,0.000494209,0.01219024
Tspan8,86.95507052,1.192682563,0.373787036,3.173540062,0.001505921,0.027460132
Fign,296.3877088,-0.624863228,0.183469782,-3.405541092,0.000660331,0.015108096
Ccnb2,36.21622268,1.972545747,0.407635019,4.77751775,1.77E-06,0.000125951
Aadat,2448.94826,-0.925195428,0.210592483,-4.394244109,1.11E-05,0.000587798
Hunk,175.7844837,1.361207972,0.285252711,4.765552733,1.88E-06,0.000131925
Adam11,38.27904091,1.628965498,0.356309252,4.539957771,5.63E-06,0.00032632
Gm28437,129822.6399,-0.500562445,0.167540864,-2.987867829,0.00280931,0.04440716
Parvg,26.51396325,1.127668813,0.371759683,3.023672561,0.002497266,0.040580922
Slc16a13,28.61791299,0.959807479,0.315408445,3.037129858,0.002388425,0.039315474
Ttpa,24084.96741,-0.61767489,0.203402992,-3.037181404,0.002388017,0.039315474
Tmem176b,5555.318165,0.930337843,0.158383438,5.873508537,4.27E-09,7.42E-07
Gpnmb,88.50319926,1.370636776,0.399560428,4.163007296,3.14E-05,0.001352868
Cdt1,85.96847945,0.990747328,0.210804472,4.698436818,2.62E-06,0.000175363
Grid1,41.02462016,-2.528586146,0.392152578,-6.348061103,2.18E-10,5.04E-08
Npdc1,28.27725095,1.313808214,0.39850305,3.269062397,0.001079045,0.021608945
Pard3bos3,29.691889,-0.961406252,0.306474354,-3.12311524,0.001789477,0.031508963
Gas5,163.0617413,-1.219060028,0.29658835,-4.109194758,3.97E-05,0.001664384
Tkt,1351.910806,0.790593553,0.150081287,5.267534773,1.38E-07,1.43E-05
Itgax,37.96684722,2.073532949,0.380451618,5.382288095,7.35E-08,8.26E-06
Kifc3,122.628924,1.016148454,0.236240167,4.299152274,1.71E-05,0.00083815
Rnf169,685.5856,-0.592586365,0.156260878,-3.792178738,0.000149331,0.004951498
Atp4a,8.355580959,-1.244733846,0.433719522,-2.955026253,0.003126424,0.047635286
Capns1,6612.524123,0.687737616,0.167568525,4.103926827,4.06E-05,0.001693984
Slc17a2,1836.555527,-1.50551073,0.172284188,-8.738450531,2.36E-18,2.01E-15
3110045C21Rik,51.63768632,-1.646583878,0.412916688,-4.06080763,4.89E-05,0.001978259
Elovl6,5974.554508,1.103313352,0.277215451,3.975847632,7.01E-05,0.002622837
Paox,715.9142022,-0.657870337,0.199967903,-3.28989298,0.001002255,0.020425047
Cog5,531.9742815,-0.573571399,0.180013135,-3.18616809,0.001441708,0.026487441
Tnfsfm13,56.13379754,0.908533699,0.254347519,3.569973217,0.000357018,0.009410181
Capg,53.45148446,1.512560828,0.329454998,4.571215629,4.85E-06,0.000291681
Cyp27a1,4482.11044,-0.856163568,0.185358663,-4.619478112,3.85E-06,0.000241277
Gpd2,1729.213176,0.517938612,0.171267582,3.023972317,0.002494793,0.040580922
Lcn2,1128.611567,2.264871033,0.348319853,6.466889575,1.00E-10,2.49E-08
Npr2,619.8618349,-0.70476207,0.238979361,-2.949529008,0.003182587,0.048309043
Mki67,59.32039644,1.39214628,0.381979581,3.620825252,0.000293665,0.008150584
Ireb2,6104.966118,-0.463938382,0.153568769,-3.021133972,0.002518299,0.040748598
Pkm,204.3606992,0.855394432,0.251681643,3.397137943,0.000680946,0.015397601
Gm13461,93.35379726,0.957004223,0.261452379,3.657182224,0.000255003,0.007407909
Ly6d,171.7679436,1.566236824,0.424640277,3.833752571,0.000126203,0.00431732
Lrrc3,1240.086245,-0.681612792,0.171466577,-3.975191752,7.03E-05,0.002622837
Mpeg1,5996.472644,1.524852261,0.148506575,10.26687674,9.94E-25,1.61E-21
Insig2,10083.08798,0.757443762,0.198786195,3.809704713,0.000139133,0.004690227
Akap6,5.533116679,1.225348727,0.409620047,3.291862029,0.000995264,0.020362241
Gm42047,206.9294518,1.372521721,0.381892857,3.572897328,0.000353053,0.009334565
Acadm,14607.93627,-0.43867468,0.149056684,-2.943080175,0.003249642,0.049005093
Zfp960,151.6249528,-0.82759991,0.198703411,-4.162913716,3.14E-05,0.001352868
Slc16a3,5.530075536,1.515303086,0.423194868,3.679315179,0.000233861,0.006917928
Csnk1d,653.9139646,0.723902973,0.238606263,3.032916982,0.002422022,0.039666742
Rasgrp2,127.9486011,1.172839536,0.240450951,4.873828537,1.09E-06,8.43E-05
Gm15998,20.55364026,-1.656654491,0.430597774,-4.011883594,6.02E-05,0.00232621
Idh2,1074.314491,0.713880365,0.239639297,2.977875112,0.002902542,0.045323407
Slc25a4,127.7445527,1.119219229,0.276424138,4.046557479,5.20E-05,0.002066412
Fam69a,256.8407382,-0.87716902,0.22366066,-3.921383727,8.80E-05,0.003165792
Brdt,90.76282445,-1.102719998,0.294328048,-3.744904013,0.000180463,0.00575588
Tifa,288.3485853,-1.245118052,0.27812509,-4.480287272,7.45E-06,0.00041941
Cyp3a11,276314.5664,2.445549071,0.284516397,8.5757313,9.85E-18,7.24E-15
Ces1g,4521.724755,-1.092034428,0.284547154,-3.843162644,0.000121459,0.004172668
Lrtm2,4.533363864,0.865228458,0.34650695,3.164552551,0.001553216,0.028238865
Naaladl2,310.6530995,-0.831257391,0.263351596,-3.158022798,0.001588431,0.028782092
Papd4,1283.614306,-0.387157102,0.128859613,-3.004474383,0.002660402,0.042537508
Pea15a,434.386418,0.79743215,0.217773761,3.660704592,0.000251523,0.007333131
Tmem106c,161.3529231,0.700311531,0.217364197,3.22177057,0.001274011,0.024195743
Atf6,1824.290916,-0.487314602,0.156549123,-3.112923591,0.00185244,0.032404678
Cd79a,6.4725129,-1.429507032,0.422829948,-4.188081774,2.81E-05,0.00124484
Cystm1,119.9617891,1.250442495,0.242471891,5.154027227,2.55E-07,2.39E-05
Sult5a1,29.3252877,-1.289266353,0.422222353,-3.107642067,0.001885863,0.032811992
Pkhd1l1,30.4229744,-1.258487911,0.430571561,-3.047148689,0.002310234,0.038261921
Zfp101,68.9086228,-0.827695473,0.222461455,-3.71520481,0.000203039,0.006318032
Rhod,525.784833,0.708928833,0.176347207,4.019724868,5.83E-05,0.002260922
Slc22a30,3594.732689,-0.702552501,0.210735505,-3.334441042,0.00085471,0.018440087
Phtf2,215.7105075,-0.694909683,0.235558437,-2.950177478,0.003175914,0.048298374
D930016D06Rik,129.5725237,-0.936009067,0.286551734,-3.268023444,0.001083014,0.021661618
Sptlc2,548.4133565,0.839306974,0.208571071,4.023620033,5.73E-05,0.002234551
Acad12,690.2375578,1.639009842,0.185197387,8.846606583,9.02E-19,9.12E-16
Pdpk1,923.9727519,-0.438867487,0.139149807,-3.153851699,0.001611309,0.029058393
Cib3,45.20192009,2.551239498,0.399858497,6.298038077,3.01E-10,6.59E-08
Asph,494.9733437,-0.783254925,0.262466482,-2.985762481,0.002828723,0.044538128
Ppm1l,460.9916761,-1.032689145,0.157280598,-6.563856643,5.24E-11,1.33E-08
A730017L22Rik,367.6090814,-0.640546071,0.196612005,-3.257994074,0.001122027,0.022113918
Pgs1,87.51477555,0.814215988,0.264319049,3.078014491,0.002083848,0.035418846
Pdk4,536.8553948,1.232009594,0.319882137,3.842532293,0.000121771,0.00417454
Scamp5,710.6333879,1.564289374,0.17573097,8.899059038,5.63E-19,6.08E-16
Zfhx2,26.07062133,-1.184495954,0.363065846,-3.248111074,0.001161739,0.022621059
Stard13,310.6881995,-0.875038954,0.232902373,-3.756755407,0.000172131,0.00551894
Nup210,267.9343075,-0.822111526,0.248413747,-3.310054703,0.000932777,0.01952207
Tmem43,353.2812352,1.295716293,0.186930975,6.929557373,4.22E-12,1.45E-09
Ank,698.534426,-0.812916744,0.263901646,-3.081785704,0.002057629,0.035172697
Atp1b1,1231.023444,-0.491295482,0.142100486,-3.457291092,0.000545635,0.013138276
Rps6ka1,213.0985973,1.038940085,0.20253389,5.127861915,2.93E-07,2.69E-05
Ccne1,37.58179617,2.541828496,0.370380786,6.76575384,1.33E-11,3.81E-09
Abhd15,633.2679416,-0.741896684,0.175791218,-4.219997708,2.44E-05,0.001102392
Tug1,1206.674842,-0.708819271,0.213968347,-3.313335846,0.000921902,0.019373113
Capzb,949.879385,0.514178308,0.153213327,3.355828507,0.000791276,0.01735103
Fundc1,365.6943817,0.605588566,0.163172094,3.711541989,0.000206,0.006361248
Cyp1a1,55.92738613,1.175186095,0.261777963,4.486856728,7.23E-06,0.000410382
Crls1,1957.569727,-0.649325503,0.179286268,-3.621954268,0.000292386,0.008150584
Arl2bp,102.3382268,0.986456531,0.308710194,3.191563491,0.00141505,0.026108239
Nfib,2337.438066,-0.813456211,0.167552608,-4.855169737,1.20E-06,9.13E-05
Cxcl10,147.3418893,1.632869877,0.353553765,4.592352811,4.38E-06,0.000268627
Cep192,87.55886812,1.168784634,0.305282057,3.822663896,0.000132018,0.004468992
Hat1,291.9965466,0.425346374,0.13082144,3.251486802,0.001148031,0.022444507
Rhoc,73.6778694,1.122576116,0.279677322,4.007208391,6.14E-05,0.002355856
Smim13,1109.373313,-0.711249972,0.152783509,-4.65513988,3.24E-06,0.000211241
Ceacam2,669.645735,-0.724756069,0.143331113,-5.055979393,4.28E-07,3.81E-05
C2cd4c,4.427653383,1.799787291,0.420178146,4.574251731,4.78E-06,0.000290726
Gm10516,31.98326943,-1.071564514,0.300615884,-3.545889142,0.000391291,0.010034035
Smo,130.9176836,1.002361311,0.30633559,3.267426812,0.001085299,0.021680527
Pfas,163.9216556,-0.573475551,0.185032766,-3.0984268,0.00194551,0.033668771
Htatip2,277.8497771,0.987215598,0.230878045,4.273756603,1.92E-05,0.000912053
Col8a1,24.65298567,1.320255793,0.370995994,3.543020772,0.000395572,0.010127758
Cenpl,191.7725657,-1.325257344,0.230447094,-5.744960996,9.19E-09,1.42E-06
Rhbdf1,61.60177536,1.107329256,0.36136944,3.05299045,0.002265731,0.037837013
Rdh16,7770.511951,0.804497946,0.240928965,3.337779234,0.000844508,0.018268699
Tubb2a,1702.393493,1.871346356,0.267047861,6.997221616,2.61E-12,9.39E-10
Zfp595,95.74479638,-0.994269941,0.28197721,-3.525335258,0.000422947,0.010659981
Sash1,695.6736701,-0.47218252,0.147079003,-3.210262307,0.001326139,0.024900241
Zfp563,166.9750174,-0.676586516,0.204114132,-3.313961835,0.000919841,0.01935493
Gm44787,47.50872581,-1.509785615,0.425218875,-3.68454426,0.000229112,0.006827375
Arhgef5,542.3747123,0.591349905,0.18797836,3.145693288,0.001656937,0.029690911
Sorl1,87.52168676,1.208542366,0.371030291,3.241539546,0.001188859,0.022920138
Top2a,107.6403363,1.422651732,0.374472914,3.776274049,0.000159192,0.005224915
Onecut1,209.5978861,-1.162198277,0.396655159,-2.967805411,0.002999341,0.046353719
Csf3r,14.02748622,1.408264813,0.430063471,3.204614049,0.001352437,0.025269957
Fam83f,43.65573396,1.234409564,0.378919749,3.238172102,0.001202982,0.023118117
P2ry4,377.8796727,-0.945124872,0.222679292,-4.244552147,2.19E-05,0.001018429
Akr1b3,317.702377,0.744124833,0.221925214,3.352623937,0.000800494,0.017503773
Nid1,763.1189819,1.442726052,0.314829028,4.571424053,4.84E-06,0.000291681
Gm27505,31.43121994,1.595059046,0.424381136,3.704900723,0.000211474,0.006456327
Lpl,880.0294971,1.045141588,0.28709091,3.636261724,0.000276623,0.007852704
Etnppl,1043.148488,-2.037458862,0.259552503,-7.85793913,3.91E-15,2.11E-12
Ugt1a7c,1107.823446,1.33962783,0.362299783,3.680552853,0.000232729,0.006897042
Anpep,3960.675721,0.587851597,0.133511586,4.402906183,1.07E-05,0.000570951
Tcp11l2,226.2823227,-0.579007178,0.190802675,-3.033777304,0.002415126,0.039633327
Rfx4,102.1543008,-1.825519119,0.340962567,-5.362259022,8.22E-08,9.05E-06
Cry1,145.356496,-0.834798663,0.251500105,-3.319154534,0.000902904,0.019048106
Chic1,396.4618915,-1.016780008,0.294088579,-3.461751453,0.000536673,0.012941726
Heca,1414.801007,-0.580983198,0.189854433,-3.060356278,0.002210738,0.037085239
Emp1,40.75914548,1.225845286,0.340120895,3.597198535,0.000321663,0.008689196
Gm26588,94.61936276,-0.935767126,0.264466554,-3.534410225,0.000408686,0.010365129
Smim3,54.77786301,1.166016872,0.307938957,3.776846082,0.000158827,0.00522353
Faap20,207.779036,0.749448254,0.241926398,3.096717617,0.001956762,0.03382731
Dpys,6988.901618,-0.939507247,0.210682234,-4.46053361,8.18E-06,0.000449963
Ubd,42.65326434,2.96010249,0.39689599,7.25723801,3.95E-13,1.52E-10
Acsl5,11995.12149,0.653325958,0.202992914,3.217959028,0.001291063,0.024406485
Scd1,346158.6839,1.056703423,0.319964249,3.295933256,0.000980953,0.020184389
Exph5,233.1753142,-0.809855395,0.271321835,-2.985996284,0.002826561,0.044538128
Ugt2b37,263.5677564,1.305920414,0.358582484,3.626826984,0.000286925,0.008046343
Gm43672,117.2627165,-1.032348477,0.263172655,-3.918194604,8.92E-05,0.003200848
H2-M2,19.83644248,1.991489539,0.428482189,4.753737017,2.00E-06,0.000138085
Top3a,99.55051489,-0.613653233,0.191867534,-3.196402537,0.001391528,0.025791889
Prune1,1287.276584,0.498448546,0.160355705,3.108303254,0.001881649,0.032773907
Cdhr5,625.7933862,-0.951310987,0.181180116,-5.250413571,1.52E-07,1.54E-05
Apex1,142.2844308,1.081925023,0.341801555,3.156781857,0.001595206,0.028840261
Depdc1a,3.897012635,0.88229552,0.34927418,3.098783632,0.001943169,0.033664254
Mpdu1,870.6400207,0.636151641,0.187008507,3.401308354,0.000670641,0.015252605
H2-Eb1,189.5101512,1.05783896,0.312063173,3.383936199,0.000714546,0.01590381
Phlda1,1003.041932,-0.89120042,0.216639067,-4.114304635,3.88E-05,0.001638193
Rab23,167.948008,-0.871384357,0.187205913,-4.650810927,3.31E-06,0.000213288
Tuft1,48.56607685,1.130636759,0.324030295,3.478151333,0.000504885,0.01236542
Rims4,32.57165742,2.560170942,0.433106819,5.851460853,4.87E-09,8.30E-07
Ddi2,3083.282029,-0.562591355,0.122651103,-4.586902335,4.50E-06,0.000274693
Nudt12,671.5179375,-0.853416538,0.268034618,-3.186079343,0.00144215,0.026487441
Atg16l2,62.7960937,0.964616554,0.268380625,3.591722662,0.000328499,0.00880041
Zfp991,43.12704038,1.223047104,0.332394303,3.673719769,0.000239045,0.007058368
Adam1a,54.77816007,-1.613786976,0.417770685,-3.960797524,7.47E-05,0.002759631
Btg2,214.3765711,1.130039185,0.276586087,4.082357408,4.46E-05,0.001835542
Igfbp3,326.7835614,0.96749459,0.284640255,3.395769663,0.000684359,0.015422865
Sertad2,329.4412243,-1.224238652,0.300070396,-4.086063932,4.39E-05,0.001811087
Gm11337,11.58465354,-1.900972317,0.429297214,-4.231485867,2.32E-05,0.001067546
Pcgf2,13.05563196,1.30363093,0.4293911,2.980049262,0.00288202,0.045144212
Magix,84.08733328,-0.979356754,0.304028812,-3.219183608,0.001285561,0.024386482
Nebl,70.59241895,2.264109668,0.372714041,6.011781976,1.83E-09,3.49E-07
Krt8-ps,184.0678248,1.089216488,0.282490531,3.851051225,0.000117612,0.004057736
Tarsl2,364.105515,-0.480844161,0.141398427,-3.40033485,0.000673034,0.015252605
Rarres2,2095.46603,-0.884702369,0.247592955,-3.574906297,0.000350353,0.009278343
Gsta1,121.7834999,0.656625196,0.317793966,3.261846163,0.001106892,0.021949288
Gstm1,8767.113243,1.606786853,0.219795621,7.306450297,2.74E-13,1.08E-10
Bub1b,14.85794232,1.273510152,0.427701985,2.990844931,0.002782067,0.044047584
Cstb,341.4237323,0.819740662,0.194338983,4.217504947,2.47E-05,0.001110288
Ftl1,43640.23827,1.229420314,0.215011519,5.715792191,1.09E-08,1.64E-06
Camk2n2,34.33779912,1.052945242,0.301937786,3.480438559,0.000500594,0.012310191
Dleu2,113.1081579,-1.047479804,0.289184642,-3.621731486,0.000292638,0.008150584
Gm39469,20.46358811,1.214458083,0.336228097,3.595328253,0.000323983,0.008737276
Gm28439,72003.55731,-0.59276664,0.179152085,-3.309020656,0.000936229,0.01952207
Zfp433,47.98908453,-0.960736824,0.268449238,-3.569754009,0.000357317,0.009410181
Gtse1,23.00787647,1.391556703,0.420622534,3.453650329,0.000553054,0.013199065
Ccdc120,73.51601759,1.816285609,0.365304641,4.934324692,8.04E-07,6.41E-05
Cks1b,67.7670721,1.26278071,0.297860769,4.230769957,2.33E-05,0.001067546
Spdl1,24.95065053,1.86264397,0.414650079,4.402695112,1.07E-05,0.000570951
Kdm6b,95.95574941,-0.763541699,0.222751138,-3.425647358,0.000613336,0.014205602
Atp9a,1405.529663,0.537932725,0.173558655,3.099259599,0.001940049,0.033646841
Lamb3,101.6106395,-0.92306055,0.278464469,-3.312863801,0.000923459,0.01938067
Col6a2,74.99668308,0.931434881,0.283365852,3.283347875,0.00102582,0.020774458
Syt14,14.74551218,3.118507704,0.432997434,7.019800543,2.22E-12,8.17E-10
Lgals1,309.0205654,2.658821009,0.321748297,8.217260728,2.08E-16,1.30E-13
Gm9892,517.7698661,1.096185963,0.320977829,3.407796279,0.000654898,0.015031063
Atp6v0e,790.7150077,0.719689028,0.136678977,5.265328688,1.40E-07,1.44E-05
Ipmk,1755.268568,-0.541893731,0.145687305,-3.719558566,0.000199571,0.006246156
Mast3,69.23153117,-1.295312557,0.33581905,-3.858858338,0.000113918,0.003938689
Aass,5311.015025,-0.568206983,0.152795489,-3.718849902,0.000200132,0.006251611
Cps1,181859.9058,-0.840505392,0.247287165,-3.400725323,0.000672073,0.015252605
Mansc1,54.32513228,1.030985036,0.260133372,3.959817818,7.50E-05,0.002764664
Ceacam1,3740.118492,-0.791972995,0.175051428,-4.524584438,6.05E-06,0.000348463
Tedc2,1065.402134,-1.062191432,0.355156472,-3.00506707,0.002655223,0.042537508
Hspa1b,58.62574485,0.978706322,0.307732636,3.179675572,0.0014744,0.026957367
Kif20a,23.01627034,1.843176869,0.431347125,4.199666343,2.67E-05,0.001191548
Il17rb,154.0235251,0.738511895,0.215053483,3.434519414,0.000593606,0.013880248
Mrgprb11-ps,59.78060772,0.941640687,0.277286204,3.393836839,0.000689207,0.015467497
Gm26608,29.22161252,-1.195013363,0.371096539,-3.215452885,0.001302389,0.024590376
Sh3pxd2b,42.70396265,1.740038318,0.30897049,5.607406069,2.05E-08,2.76E-06
Mogat1,86.1624817,2.216740667,0.404864256,5.402337261,6.58E-08,7.60E-06
Ctps,216.5133442,1.087901085,0.33670194,3.222977899,0.001268653,0.024150684
Dyrk2,1701.626835,-0.815614223,0.152053189,-5.363975029,8.14E-08,9.02E-06
Pla2g7,151.8152597,1.525899671,0.262187136,5.811476316,6.19E-09,9.82E-07
Poc1b,183.2038807,-0.606006891,0.180511721,-3.355797838,0.000791364,0.01735103
Ccng1,3186.960438,0.573122583,0.182294837,3.143692466,0.001668307,0.029828586
Psmd8,2016.204787,0.56169278,0.176169984,3.188129832,0.001431962,0.026360161
Slc30a9,3201.847947,0.352813153,0.116491064,3.028676555,0.002456275,0.040065511
Gm7609,23.38476118,1.180475564,0.315763469,3.729809847,0.000191624,0.006032438
Tapbp,1770.05671,0.855095805,0.284825669,2.999373243,0.002705357,0.04306834
Aldh6a1,17011.24741,-1.628369535,0.318842318,-5.128621817,2.92E-07,2.69E-05
Entpd5,8699.135483,0.746017163,0.196780658,3.790515401,0.000150335,0.004974582
Cdh1,512.0437979,1.544450526,0.295077891,5.224932723,1.74E-07,1.75E-05
G6pdx,104.2940121,0.897213347,0.290833454,3.081660132,0.002058497,0.035172697
Iah1,3746.424027,-0.68094478,0.187127207,-3.63930012,0.00027338,0.007815481
Pef1,491.1873901,0.476123637,0.138954303,3.426417402,0.0006116,0.014205602
Kdsr,1339.942269,1.156570357,0.215194898,5.372610279,7.76E-08,8.66E-06
Cx3cr1,47.15067524,1.515398671,0.311822171,4.843076212,1.28E-06,9.53E-05
Tspan3,200.6860632,0.594341826,0.150216513,3.956925751,7.59E-05,0.002791977
Ano10,470.253611,0.977658118,0.263859307,3.702681156,0.000213333,0.006488609
Ms4a7,27.72790698,1.545124954,0.429149294,3.537446837,0.000404016,0.010311317
Arap1,768.3159317,-0.50717163,0.172762735,-2.935553664,0.00332953,0.049884377
Tmem41a,187.8103089,1.317841486,0.359204828,3.650961625,0.00026126,0.007522158
Rad51,22.22346413,1.450262933,0.392184064,3.666781379,0.000245623,0.007200035
Hlcs,330.778411,0.905535398,0.256974767,3.521121797,0.000429725,0.010813971
Tef,1861.709914,-0.955886535,0.282110364,-3.39197075,0.000693918,0.015530145
Rhbg,171.1922189,1.327488032,0.29087447,4.556875541,5.19E-06,0.000306613
Gm33051,6.363145436,-0.727488041,0.367659122,-3.225849631,0.001255993,0.023966069
Fam220a,40.50523458,-1.529079445,0.432906628,-4.128957098,3.64E-05,0.001551725
Klra3,3.161898322,1.290048356,0.392405397,3.619649815,0.000295002,0.008169808
Gm42031,58.52712382,1.217546662,0.336516868,3.610129121,0.000306045,0.008365047
Cd5l,1532.942735,0.880262881,0.289880676,3.033476856,0.002417533,0.039633327
Dpyd,26354.66132,-0.755413029,0.128802298,-5.865043436,4.49E-09,7.73E-07
Vrk3,302.585524,0.577447712,0.180162433,3.204826495,0.001351439,0.025269957
Ms4a4a,8.406850192,1.340263075,0.39016116,4.337330762,1.44E-05,0.000722923
Neat1,1191.429981,1.210001899,0.303344066,3.981911888,6.84E-05,0.002566552
Hn1,318.1780008,0.955706243,0.213250199,4.47998213,7.46E-06,0.00041941
Mtch2,4072.401961,0.344005323,0.112113653,3.06834799,0.002152458,0.03639386
Cdkal1,209.2764531,-0.567196073,0.158253614,-3.583183056,0.000339433,0.009033484
Eda2r,48.77768159,1.873157398,0.369193778,5.020447907,5.16E-07,4.39E-05
Arl6ip5,1081.850903,0.589707834,0.159069672,3.707033504,0.000209701,0.006438663
Gm2a,2999.759464,0.765541841,0.162080037,4.722903828,2.33E-06,0.000160089
Gm30692,4.542096109,0.932942913,0.354827098,3.284577554,0.001021354,0.020709933
A2ml1,278.1992426,1.129263791,0.236627502,4.769913534,1.84E-06,0.000129663
Cyb5r3,8502.24406,0.788352867,0.2189649,3.599410852,0.000318939,0.008644474
Arl6ip4,34.63578333,1.105568684,0.372299275,2.948716488,0.003190966,0.048390829
E130308A19Rik,84.45430325,-0.637473805,0.195406306,-3.259625614,0.001115594,0.022040807
Vegfb,414.9204217,0.939638777,0.289506962,3.241787951,0.001187824,0.022920138
Nr1i3,1656.876666,-0.663029111,0.206907285,-3.204889236,0.001351145,0.025269957
C3ar1,89.40195423,0.88447136,0.281080228,3.144730259,0.0016624,0.029755862
Sult2a7,256.3559121,-1.100283562,0.407237143,-4.629504725,3.67E-06,0.00023168
mt-Th,38.63935489,-0.953386431,0.263358014,-3.607130979,0.000309601,0.008433771
mt-Tl2,147.6898253,-1.42097808,0.301790612,-4.709853412,2.48E-06,0.000167832
mt-Tr,61.2582797,-2.243299699,0.379852795,-5.909189369,3.44E-09,6.25E-07
mt-Nd3,63892.2186,-1.14142886,0.167909381,-6.798736187,1.06E-11,3.11E-09
mt-Te,2284.86842,-0.999366975,0.271525495,-3.68403557,0.00022957,0.006828447
Gm5524,330.0534249,-1.186180594,0.20615786,-5.751164594,8.86E-09,1.39E-06
Esco2,58.27730028,1.590845569,0.373857933,4.229408025,2.34E-05,0.001070995
Pbk,13.94806757,1.445942168,0.433586888,3.303742678,0.000954034,0.019765963
AI506816,101.5129838,1.902386839,0.262909948,7.220269862,5.19E-13,1.95E-10
Gm44744,75.63263716,-1.451026168,0.311706404,-4.649136814,3.33E-06,0.00021403
Fbxo21,1400.185995,-0.860292559,0.271309033,-3.173334198,0.001506989,0.027460132
Btbd11,3.986298923,-0.742866588,0.370445291,-2.93508962,0.003334514,0.049912826
1810064F22Rik,28.2801146,1.879010745,0.430928462,4.320548065,1.56E-05,0.00077018
Lhpp,753.0694732,0.950086856,0.190215465,4.993927256,5.92E-07,4.93E-05
Clip2,50.51866625,1.807106448,0.320047654,5.616276535,1.95E-08,2.65E-06
Dhrs9,361.8885651,2.371649482,0.3437593,6.859836767,6.89E-12,2.28E-09
Ces1f,6601.000841,0.848277461,0.177389628,4.781452649,1.74E-06,0.000124603
Dnajc22,1367.835405,-0.59404536,0.186046219,-3.193170753,0.001407197,0.026022693
Colgalt1,1106.292513,0.401963233,0.118860466,3.381812895,0.000720092,0.016005226
Smim22,11.75456102,-0.935224718,0.390704514,-4.021385823,5.79E-05,0.002250433
Abcb11,7156.838136,-1.372754974,0.216501004,-6.343431334,2.25E-10,5.12E-08
Znf41-ps,45.74683655,1.302183181,0.303016578,4.292705951,1.77E-05,0.000852563
Narfl,231.4292543,-1.086785477,0.326470244,-3.335822805,0.000850474,0.01837318
AC160336.1,573.720537,-0.661264765,0.199876122,-3.308215856,0.000938924,0.019547865
Slc8a3,5.106111078,1.429740524,0.416111732,3.352999483,0.000799409,0.017503694
Adgrg2,43.28717333,2.225200044,0.346739997,6.358061801,2.04E-10,4.79E-08
Gclm,5268.377532,-0.793657693,0.211996998,-3.74456724,0.000180705,0.00575588
Gstm6,1404.200878,1.162192302,0.289502584,4.008960309,6.10E-05,0.002348417
Ptprt,7.459629641,-1.500505567,0.433384637,-3.481166666,0.000499235,0.01229546
Ces2e,3109.768694,0.614861531,0.153145105,4.014726053,5.95E-05,0.002303852
Synpo,110.5329061,0.902964967,0.282930554,3.189332021,0.00142602,0.026280669
Timp1,13.90972348,1.186746902,0.405590013,3.021516251,0.002515121,0.040748598
Zfp85,82.18841684,-1.009916012,0.289872021,-3.480017498,0.000501381,0.012310844
Anxa2,664.5207855,2.410291308,0.221356023,10.87550385,1.51E-27,3.05E-24
Retsat,3890.702965,-0.601055375,0.166528029,-3.609492916,0.000306796,0.008371448
Homer2,511.9565403,-1.754363763,0.19873022,-8.822464917,1.12E-18,1.07E-15
Plk3,98.91818823,0.888155185,0.269555917,3.293369059,0.000989944,0.020302016
Gm12454,6.23027019,-0.797767544,0.37678689,-3.331507594,0.000863769,0.018536675
St3gal4,761.6842033,0.512534008,0.174074777,2.944190723,0.003238004,0.048980305
Lman2,6211.180846,-0.487714732,0.15193177,-3.210185254,0.001326495,0.024900241
Col4a2,115.0438651,0.898683246,0.273440055,3.284706713,0.001020886,0.020709933
Cldn4,10.86390977,1.236833692,0.39977182,3.055054128,0.002250199,0.037660982
Micu2,658.1493686,0.73336255,0.146467896,5.006930911,5.53E-07,4.69E-05
Cnbd2,59.05170996,1.051276974,0.321254711,3.269190919,0.001078555,0.021608945
Fgf2,45.89976136,-1.677380661,0.395134339,-4.267610261,1.98E-05,0.000932073
Vrk1,92.9483158,0.706750364,0.229195877,3.082851826,0.002050272,0.0351063
Fam46c,437.9369435,-0.85030359,0.269806488,-3.153282488,0.001614455,0.029058393
Id2,7637.286479,1.315762681,0.149666005,8.790553139,1.49E-18,1.34E-15
Ube2c,23.04514023,1.484182247,0.429033837,3.402582073,0.000667523,0.015212944
Nme2,95.47636614,1.577703788,0.385707646,4.053995572,5.04E-05,0.002021628
Thbs1,107.1973798,1.366613021,0.393916264,3.443591484,0.000574042,0.01355997
Cd276,55.29914173,1.576502671,0.384335668,4.067734988,4.75E-05,0.001925187
Gm32391,27.99063495,-1.462263705,0.314049914,-4.600938899,4.21E-06,0.00025924
Ogfrl1,353.1567625,-0.788714909,0.18897901,-4.17300777,3.01E-05,0.001314617
Impg2,228.0115263,-1.089262722,0.299674269,-3.638290615,0.000274454,0.007828404
Tgfbi,877.2321693,0.628262223,0.111472434,5.636066897,1.74E-08,2.42E-06
Fam210b,3621.430671,-0.675501776,0.155573934,-4.342101219,1.41E-05,0.000711392
Tram2,363.4517901,-1.102582407,0.171921974,-6.410398086,1.45E-10,3.51E-08
Enc1,206.186882,0.72903274,0.174246014,4.183572234,2.87E-05,0.001261783
Cdh18,46.57227973,1.139331799,0.372750084,3.037910345,0.002382248,0.039293739
Ckap2,23.83847369,1.68255444,0.429842941,3.87813582,0.00010526,0.003678642
A130077B15Rik,3.322458737,1.483852494,0.406163106,3.944143291,8.01E-05,0.002918621
Rnf217,737.1995198,-0.727373962,0.199958983,-3.637761647,0.000275018,0.007828404
Ccnb1,43.71321039,1.474305509,0.391151161,3.746791203,0.000179111,0.00572766
BC035947,3.753683344,0.916355519,0.35361871,3.135977002,0.001712826,0.030483487
Gm45140,326.1389387,1.100036103,0.368286177,5.595240354,2.20E-08,2.90E-06
Ahctf1,971.2558601,-0.702988144,0.211435312,-3.325376699,0.000882991,0.018849188
Nedd1,416.1781293,-0.452373074,0.122518524,-3.691957672,0.000222535,0.006680577
Mmp12,105.5200023,2.893974424,0.427644361,6.760742254,1.37E-11,3.83E-09
Itih3,6724.163178,-0.673517675,0.2076036,-3.244821124,0.001175244,0.022801711
Hpgd,2779.510469,-0.857785245,0.135894428,-6.312114252,2.75E-10,6.19E-08
Lif,3.666812879,1.680703523,0.416383458,4.295706563,1.74E-05,0.000847725
Apc,333.7110879,-1.0894236,0.318905306,-3.423954395,0.00061717,0.01426632
Reep5,179.5575994,0.791999797,0.152623808,5.188898491,2.12E-07,2.06E-05
Gm7208,127.1579761,0.731548803,0.183275835,3.991569548,6.56E-05,0.002481494
Srd5a2,55.02452178,-0.960789153,0.26724332,-3.590185898,0.000330442,0.008823243
Grem2,169.1901016,-0.842545094,0.275035032,-3.0642386,0.002182248,0.03674456
Gls2,4132.856711,-1.169294103,0.269359566,-4.345814953,1.39E-05,0.000703846
Ugt2a3,5364.50105,-0.829196302,0.144640185,-5.732948292,9.87E-09,1.49E-06
Acta2,56.59060378,1.800277996,0.329408307,5.439476618,5.34E-08,6.34E-06
Tshz1,195.5272942,-0.676616622,0.166881522,-4.05256832,5.07E-05,0.002026202
Zfp2,124.3972357,-1.00524923,0.27007387,-3.722240974,0.000197462,0.006204155
Zfp810,141.5581244,1.068571425,0.245003226,4.360084401,1.30E-05,0.000669977
Setd7,219.9829785,0.993686735,0.336798919,2.943886054,0.003241193,0.048980305
Rcan2,647.5423224,1.884121354,0.371696778,5.035086788,4.78E-07,4.13E-05
Unc79,7.858025641,-1.434990118,0.429842949,-3.553081534,0.000380746,0.009810284
Adck5,125.5980003,-0.895063005,0.204037522,-4.381663699,1.18E-05,0.000612779
Dgat1,328.7747637,0.594326673,0.197179268,3.013794828,0.002580022,0.041539641
Jund,219.5432746,0.582623692,0.167167986,3.485077277,0.000491995,0.012154153
Nubp2,807.9620946,-0.539391838,0.181167436,-2.977355637,0.002907465,0.045323407
Srp72,1450.691093,-1.024437757,0.308184694,-3.330531198,0.000866804,0.018552597
Fxyd5,15.91583329,1.284433831,0.403448776,3.148999462,0.001638305,0.029422212
Uhrf1,29.26472143,1.255562662,0.403843112,3.091985403,0.001988226,0.034238091
Ftl2,2202.915124,0.873389234,0.199159917,4.384510473,1.16E-05,0.000606771
Rad18,43.14245831,0.885329281,0.253141976,3.495338546,0.000473461,0.011768155
Samd4,109.8574546,1.359478896,0.292695229,4.634536127,3.58E-06,0.000227896
Mvp,493.8407977,1.02123404,0.151596551,6.735781008,1.63E-11,4.47E-09
Ptgfrn,137.2164957,0.906796189,0.26379263,3.436215633,0.000589901,0.013838444
Serpina11,796.9755316,-0.691469094,0.230729329,-2.99735613,0.002723324,0.043244456
Plscr1,511.5956153,0.953830463,0.208539971,4.57277407,4.81E-06,0.000291681
Mmab,458.8581495,-0.554827335,0.185814401,-2.98567139,0.002829565,0.044538128
Elac1,244.5998135,-0.685869869,0.159821814,-4.290133044,1.79E-05,0.000859934
Tmem71,60.42702268,0.980549791,0.328402634,2.980605813,0.002876788,0.045105922
Pitpnm1,59.5846193,1.065613975,0.305967778,3.478020058,0.000505132,0.01236542
Dbndd2,90.94379918,0.797292039,0.241191127,3.30558526,0.000947783,0.019661629
Mrgpre,34.86714876,2.058551831,0.329949379,6.169867693,6.83E-10,1.38E-07
Syne2,261.9539528,-0.679103917,0.205900843,-3.297680748,0.000974869,0.020094722
Lin7a,150.4621302,-1.395969869,0.331159183,-4.226823342,2.37E-05,0.00107728
Sms,254.9121378,0.985194818,0.210384434,4.681281919,2.85E-06,0.000189057
Akr1d1,6509.313344,-0.815167165,0.167938765,-4.854330982,1.21E-06,9.13E-05
Cd9,346.9631796,0.946163276,0.254618758,3.713337214,0.000204544,0.006346092
Scnn1a,341.4056826,-1.437061609,0.209885866,-6.842398848,7.79E-12,2.47E-09
Tnfrsf1a,1380.17918,0.472827869,0.120872004,3.91178218,9.16E-05,0.003265337
Mlec,5740.402053,0.564304479,0.16171667,3.489308545,0.000484272,0.012000004
Arhgef26,530.316485,-0.688223353,0.167076424,-4.118759492,3.81E-05,0.001617749
Mier1,693.0319343,-1.556139759,0.356738942,-4.3963836,1.10E-05,0.000583945
Fhl3,19.58576817,1.437297462,0.427883333,3.298914808,0.000970594,0.020032111
Gm27177,67.32065367,-1.804532749,0.432701176,-5.393998195,6.89E-08,7.85E-06
Gm20300,615.5078424,-0.657437655,0.152755095,-4.30350825,1.68E-05,0.000826827
Lsm14b,331.2596458,-0.757861416,0.226171334,-3.35110637,0.000804894,0.01757623
Zfp983,129.4967953,-0.865506813,0.199397903,-4.337202674,1.44E-05,0.000722923
2810039B14Rik,36.35293889,-1.076336807,0.296540129,-3.614004483,0.000301504,0.00828291
Abcc5,59.40305939,1.290055714,0.305545913,4.211670201,2.53E-05,0.001136209
Tbc1d2,12.48178911,-1.297494776,0.433571139,-3.19925696,0.001377823,0.025592736
Abcc4,260.4435522,1.991455658,0.3663835,5.399132976,6.70E-08,7.68E-06
Eif4ebp2,7989.353931,-0.584546511,0.153289597,-3.813482156,0.000137022,0.004628726
Unc5b,131.5478803,0.874489576,0.239359679,3.652629773,0.000259568,0.007518357
Sema4d,29.49476218,1.734641492,0.372574541,4.608038808,4.06E-06,0.000252005
Serpine1,64.2497428,1.614922847,0.340444334,4.720649205,2.35E-06,0.000161188
Ranbp10,1025.446717,-0.890625239,0.145976009,-6.100504899,1.06E-09,2.04E-07
Fhod3,20.58055173,-1.077108579,0.335858214,-3.18313827,0.00145688,0.026727641
Gpr35,32.60003914,1.129833776,0.332458645,3.392127654,0.000693521,0.015530145
Crtap,211.3086602,0.998367442,0.214591271,4.650673298,3.31E-06,0.000213288
Gm11131,60.76301837,-1.065012907,0.29939691,-3.551935108,0.000382409,0.00983746
Dnajc28,281.3267709,-0.521639535,0.145436006,-3.586041558,0.000335735,0.008949812
Ttc39b,1319.381785,-0.828807546,0.192675023,-4.302011103,1.69E-05,0.000829913
4833411C07Rik,66.49419735,-0.815684153,0.259854416,-3.134616309,0.00172079,0.030564332
Pgam1-ps2,338.2147327,0.654648049,0.163458256,4.004744107,6.21E-05,0.002367588
Kyat3,4109.275861,-1.252715879,0.218008264,-5.7484395,9.01E-09,1.40E-06
Ccr2,154.7136455,1.23999952,0.332819785,3.715971696,0.000202424,0.006311034
Pkdcc,357.5811618,0.968255435,0.261117548,3.705291327,0.000211148,0.006456327
4933404O12Rik,114.1506047,-0.944379875,0.250437375,-3.766551104,0.000165518,0.0053565
Cttn,493.5218642,0.800782336,0.188379038,4.250363338,2.13E-05,0.00099522
Stmn1,110.0233179,1.216991714,0.267340683,4.54787467,5.42E-06,0.000318856
Dynll2,2977.156337,0.906682042,0.266442665,3.400365798,0.000672958,0.015252605
Ap3s1,982.3663766,0.464874628,0.143759938,3.233682922,0.00122205,0.023428909
Mfge8,171.2946892,0.854510545,0.251571895,3.394353055,0.000687909,0.01545981
Luc7l2,925.6125067,-0.670818186,0.208075292,-3.224326775,0.001262692,0.024065516
Osbpl3,220.1163823,1.575793779,0.413743303,3.767707855,0.000164753,0.005346903
Atxn7l3b,3080.013443,-0.405765519,0.13491978,-3.007482245,0.002634215,0.042285947
Gm14150,269.5757205,0.62521799,0.191555576,3.263951305,0.0010987,0.021867248
Mafk,134.1569907,0.806748536,0.267755463,3.010855942,0.002605124,0.041864994
Fhl2,6.315114967,1.092398695,0.370714041,3.758970144,0.000170614,0.005510396
Lrit1,446.4882551,-1.127181419,0.193432045,-5.825281864,5.70E-09,9.23E-07
Gsta2,280.234624,1.419561042,0.306196518,4.626312302,3.72E-06,0.000234363
Gusb,393.2751946,0.812888149,0.174382613,4.660875858,3.15E-06,0.000207108
Adamts2,60.77076502,1.331480447,0.305669423,4.343372029,1.40E-05,0.000709498
Prkd3,6323.664408,-0.499303806,0.150344919,-3.321128965,0.000896541,0.018988245
Tacc3,22.39992109,1.329528309,0.370313238,3.560937128,0.000369534,0.009567076
Nap1l1,1308.624529,0.510997173,0.14757505,3.462549658,0.000535083,0.012922658
Lpxn,54.3379022,0.931187348,0.233104121,3.992904024,6.53E-05,0.002473343
Sod2,4931.301031,-0.527438172,0.137042937,-3.848760544,0.000118717,0.004087148
Cyp2a5,14013.57813,1.214667035,0.213782658,5.679723548,1.35E-08,1.95E-06
Eml5,64.77498365,-0.892505682,0.263942914,-3.377639546,0.000731108,0.0162278
Fmo3,1946.254635,-0.870944934,0.395167203,-3.339636227,0.000838882,0.018171284
Odf3b,15.68230306,-1.492631304,0.384695504,-3.80245898,0.000143267,0.00480955
Acmsd,488.4229072,0.98546314,0.305391006,3.222380135,0.001271303,0.024172692
Gpr39,119.7060322,0.763748956,0.238535486,3.200537879,0.001371713,0.025514654
Mapk3,1226.246456,0.675088239,0.208137178,3.24284425,0.001183429,0.022878211
Sertad4,3.881873223,-1.111196219,0.407437883,-3.442877588,0.00057556,0.013568679
Tubb6,114.7663946,0.678721085,0.228981759,2.9639885,0.003036796,0.046841252
Rbbp8,175.3944359,0.813468486,0.230521699,3.528178613,0.00041843,0.010562576
Pklr,6896.134204,1.433989805,0.326005349,4.386142516,1.15E-05,0.000604188
Gm45205,3.423297323,-0.894678524,0.389097617,-3.050309965,0.002286053,0.03809539
Fbxl3,1576.163189,-0.542905959,0.183327166,-2.961605498,0.003060396,0.046983181
Paqr3,143.4317065,-0.724381885,0.243641048,-2.973213059,0.002946998,0.045763317
AC156790.1,87.09826715,-0.92553658,0.261874141,-3.531945809,0.000412514,0.010445833
Gm11843,15.41949722,1.303668618,0.388709997,3.324319284,0.000886347,0.018875925
Gm4952,4789.091996,-1.196967794,0.213880732,-5.598387682,2.16E-08,2.87E-06
Nectin2,451.094284,0.682537884,0.219497414,3.108659053,0.001879385,0.032769743
Nabp1,346.4326931,0.882944687,0.19349013,4.562635044,5.05E-06,0.000300512
Cenpm,4.518641994,-0.743796869,0.370341346,-3.023595128,0.002497905,0.040580922
Ywhag,2057.610591,0.547126974,0.169271569,3.232064667,0.001228992,0.023506296
Sgms2,943.3709466,-0.869727736,0.15816805,-5.498510943,3.83E-08,4.73E-06
Adra1a,96.83455627,-0.706872109,0.237252634,-2.976885543,0.002911927,0.045349269
Ripor2,64.69272824,-1.264598098,0.399010322,-3.212905263,0.001313996,0.024741701
Gm17025,18.69813832,-1.221333424,0.341774958,-3.53446937,0.000408595,0.010365129
Gm12854,11.4227721,1.729979508,0.389363112,4.356520322,1.32E-05,0.000678813
Mfsd2a,707.8412143,-1.372045815,0.377836,-3.66916699,0.000243342,0.007159124
Maged1,707.3782245,0.6958237,0.140242958,4.961444661,7.00E-07,5.75E-05
Fasn,11698.30874,0.981622821,0.30795495,3.182601696,0.001459582,0.02674689
Ptger4,12.65359849,1.305038295,0.420839544,3.063922641,0.002184554,0.03674456
Snrnp48,411.6877761,-0.537205723,0.143787047,-3.735731305,0.00018717,0.005915244
Irf2,469.5138685,-0.674943604,0.179602456,-3.757869466,0.000171366,0.005512678
S1pr1,1485.348485,-0.490776859,0.154621096,-3.174023183,0.001503417,0.027456871
Arhgef37,233.900943,-1.51728662,0.24050433,-6.302936668,2.92E-10,6.47E-08
Cenpe,17.44596214,1.665851787,0.415085605,3.965415568,7.33E-05,0.002719157
Slco2a1,1401.689949,-1.155434783,0.286866068,-4.033689511,5.49E-05,0.002151245
S100a10,1188.730858,0.840178423,0.170434146,4.929208532,8.26E-07,6.52E-05
Ero1lb,1958.328384,-1.041031243,0.301952048,-3.453833731,0.000552678,0.013199065
Atf5,1858.222334,-0.872677041,0.239087953,-3.651408853,0.000260806,0.007522158
Erg28,2080.784396,-0.541822914,0.119796548,-4.522755974,6.10E-06,0.000350242
Nubp1,341.1989461,0.813033866,0.263371199,3.084967616,0.002035743,0.034894449
Litaf,842.7234928,0.661871412,0.128661798,5.144206452,2.69E-07,2.50E-05
Ciita,40.31156669,1.389713906,0.376047765,3.666939636,0.000245471,0.007200035
Igf1,16849.66313,-0.937450607,0.196566325,-4.770095943,1.84E-06,0.000129663
Cecr2,250.9372402,-0.819316055,0.201947798,-4.056228292,4.99E-05,0.002007391
Cd74,1643.924842,1.123907638,0.250797045,4.478364138,7.52E-06,0.000421138
Chd9,938.0539487,0.927139247,0.243840957,3.800528071,0.000144388,0.004837149
Spata17,5.923651051,-1.349788099,0.430020886,-3.269928802,0.001075746,0.021596326
Pld3,342.5742983,0.683052928,0.201184318,3.394694293,0.000687053,0.01545981
Kctd17,98.26007871,1.712413203,0.303226222,5.63194464,1.78E-08,2.44E-06
Mcm3,116.6468629,1.317627649,0.283522675,4.641799266,3.45E-06,0.000220898
Scamp4,185.5250719,0.973010322,0.325409583,2.983804197,0.002846889,0.044767259
Erh,270.1309361,0.6935646,0.224454684,3.089188007,0.002007044,0.034439
Tmem254b,1003.993942,-0.970201617,0.297925031,-3.261073978,0.001109911,0.021982211
Ftl1-ps1,4094.273227,1.089867855,0.204487616,5.328290941,9.91E-08,1.06E-05
Sike1,166.1080052,-0.52650174,0.140985615,-3.733048614,0.000189176,0.005966974
Map3k21,95.27764326,-0.85415951,0.27489004,-3.106760907,0.001891493,0.032874598
4833413G10Rik,54.90263731,-0.740358144,0.225527339,-3.276845178,0.001049739,0.021126653
Mfrp,12.39262646,-1.938923909,0.433541784,-4.703926031,2.55E-06,0.000172062
Chrm1,5.635362592,-0.722708324,0.36711313,-3.142362432,0.001675904,0.029931358
Kif20b,21.7691861,1.255138969,0.344303036,3.632437459,0.000280757,0.007928313
Bag3,393.5514656,0.687100945,0.23386333,2.936985677,0.003314194,0.049784227
Arl8a,148.097861,1.553873812,0.352922114,4.378190488,1.20E-05,0.000620628
Ubr2,1077.502483,-0.515139441,0.141035909,-3.652465655,0.000259734,0.007518357
Nrg1,30.44499026,2.174289427,0.412152514,5.156142436,2.52E-07,2.39E-05
Chac2,601.6911302,-0.718686268,0.217204371,-3.309189202,0.000935666,0.01952207
Krt8,2785.580617,0.91540929,0.18174041,5.036211936,4.75E-07,4.13E-05
Atg7,733.1346092,0.700677729,0.235206369,2.977967162,0.002901671,0.045323407
Cand2,22.01830013,1.582237101,0.336495469,4.669516907,3.02E-06,0.000199395
Etnk2,2490.793704,-1.832987126,0.299321226,-6.142730397,8.11E-10,1.58E-07
Ear2,106.0554302,1.385065948,0.364809264,3.777471804,0.000158428,0.00522353
2010003K11Rik,520.4779812,1.36193873,0.26178238,5.196676829,2.03E-07,2.00E-05
AC154767.1,142.0013508,0.736349601,0.22255471,3.307930136,0.000939883,0.019547865
Mir22hg,379.5660813,-0.719887329,0.168735641,-4.265555038,1.99E-05,0.000937334
Stard5,2548.817736,-0.514638177,0.173898893,-2.959514516,0.003081242,0.047213612
Tubb2a-ps2,30.15799301,1.769674803,0.285666147,6.156985021,7.41E-10,1.46E-07
Iigp1,14319.90767,-0.772465652,0.240151032,-3.217941629,0.001291141,0.024406485
Gbp11,161.0436787,-0.985084121,0.297826114,-3.309784863,0.000933677,0.01952207
Arhgap10,37.2624059,1.406167614,0.36443746,3.829990695,0.000128148,0.004365399
AC110211.1,15.69087464,1.299498817,0.394211046,3.262779313,0.001103254,0.0219309
Bnip3l,1619.338818,-0.975778438,0.227378082,-4.292797227,1.76E-05,0.000852563
Trpm4,18.32674138,1.78987759,0.433481671,4.042518421,5.29E-05,0.002083408
Gk,2898.502693,-1.024832145,0.250072627,-4.100749368,4.12E-05,0.001713
Gipc2,32.57799493,2.066194357,0.424329856,4.814760984,1.47E-06,0.000107905
Slc23a2,858.4152165,-0.874491664,0.215838096,-4.052309435,5.07E-05,0.002026202
Vcam1,845.0879832,1.177214745,0.329582417,3.562841443,0.000366862,0.009528409
Lrrc39,111.6334841,0.986483626,0.326068431,3.01781697,0.002546026,0.041115021
Olfm3,137.7325392,-1.101680774,0.314911147,-3.502957183,0.000460123,0.011507352
Krt18,3298.538244,1.042129676,0.142316141,7.322201113,2.44E-13,9.87E-11
Mtmr11,377.4000667,2.360934658,0.351052628,6.684069585,2.32E-11,6.16E-09
Tuba8,36.49599057,3.481680299,0.427124036,7.359499844,1.85E-13,7.86E-11
Pmepa1,177.7403227,0.793805411,0.267809897,2.962422351,0.003052288,0.0469032
Ppat,1091.386648,0.856677643,0.28658126,2.986318165,0.002823587,0.044538128
Rbpms,903.0858172,0.667642058,0.198870422,3.356679501,0.000788845,0.017342799
Pla2g6,371.3709874,0.767540393,0.215296402,3.564290795,0.000364841,0.009509775
Acsl1,14818.87727,-0.850889189,0.239919726,-3.5481777,0.000387906,0.009963038
Pcdhb9,6.907549472,1.602378488,0.429074219,3.635734746,0.000277189,0.007854995
Chek1,31.85445619,1.55840774,0.385677954,4.008515959,6.11E-05,0.002348417
Serpinc1,17222.11596,-0.705737001,0.203202382,-3.473674504,0.000513383,0.012529498
Gm37691,52.39950721,-1.140271129,0.28862376,-3.940414852,8.13E-05,0.002944465
AU022252,1251.769993,-0.496066438,0.09042182,-5.485895633,4.11E-08,5.04E-06
Snord15b,13.50612483,-1.317238351,0.428697211,-3.125449125,0.001775338,0.031326871
Sned1,128.3442395,-0.838824752,0.243370059,-3.445494987,0.000570015,0.013524055
Gadd45b,5.851922615,1.089888745,0.370778221,3.70321381,0.000212885,0.006487189
Mesp1,4.360150888,1.023677364,0.365283382,3.405241752,0.000661055,0.015108096
Cyp3a59,4364.990388,1.298173345,0.314764756,4.115161294,3.87E-05,0.001638193
Syt12,41.64548356,1.624966318,0.430216947,3.712628966,0.000205117,0.006346092
B230354K17Rik,173.6106028,-0.739957057,0.23624785,-3.131794481,0.001737414,0.030792009
Ago3,147.4088447,-0.637439039,0.212498989,-2.999198434,0.002706909,0.04306834
mt-Tc,205.5072587,-1.160367837,0.259652244,-4.468709558,7.87E-06,0.00043757
mt-Ta,11751.21067,-0.832284338,0.283012693,-2.943814291,0.003241945,0.048980305
mt-Tq,155.5024915,-0.796057021,0.267565003,-2.97577728,0.00292247,0.045436367
Sox4,111.4225333,1.2482694,0.224431345,5.558003213,2.73E-08,3.45E-06
Usp49,84.87789516,-0.720562507,0.23569631,-3.054990719,0.002250675,0.037660982
Igf2r,961.28283,0.54994285,0.164454948,3.3439628,0.000825908,0.01795228
Jun,236.1941258,1.488527132,0.266033047,5.587857207,2.30E-08,3.00E-06
Socs2,337.7249467,-1.400866863,0.422053075,-3.447476952,0.000565849,0.01344493
Slc44a3,261.820999,0.770242655,0.165334862,4.65837843,3.19E-06,0.000208787
Eri2,279.7321989,-1.764584091,0.426312251,-4.423583412,9.71E-06,0.000530677
Plbd1,1216.476629,-0.448644471,0.149867217,-2.993570817,0.002757335,0.043698765
Ppp1r3e,105.1872704,-1.010227168,0.27925421,-3.61683841,0.000298223,0.008220702
Plaur,7.696521811,1.285673804,0.413756452,3.115563757,0.001835937,0.032220487
Mcc,1275.965086,-0.705030798,0.169370254,-4.162800743,3.14E-05,0.001352868
Rtn4rl1,140.7020027,0.615733529,0.195035564,3.156948909,0.001594293,0.028840261
Dcaf12l1,189.6978711,1.030514666,0.199916119,5.153383543,2.56E-07,2.39E-05
Tmsb10,31.21959378,1.269842951,0.302575131,4.18726093,2.82E-05,0.00124484
Gm42940,25.11150055,1.137728029,0.326637725,3.475220538,0.000510434,0.012476322
Gm16867,94.95736267,-1.457533161,0.424221402,-5.211197905,1.88E-07,1.87E-05
Zfp955a,363.0057009,-0.589280892,0.194190569,-3.034380334,0.002410304,0.039595047
Epdr1,38.96208224,1.97006931,0.349909155,5.584875402,2.34E-08,3.03E-06
Btbd8,49.37686913,-0.799613694,0.259221188,-3.080634575,0.0020656,0.035219675
Car8,2410.450946,-0.991838246,0.182850898,-5.424846382,5.80E-08,6.80E-06
Col4a1,306.2243386,0.913274011,0.268138459,3.40381392,0.00066452,0.015165866
Asap3,67.86289363,-0.914914826,0.242005922,-3.773855956,0.000160744,0.005254529
Shank2,134.6752819,-1.344516339,0.364378217,-3.71289346,0.000204903,0.006346092
Pls1,142.6069337,1.94643825,0.312318107,6.206043514,5.43E-10,1.11E-07
Cd207,56.55014086,2.17343868,0.383408783,5.606553099,2.06E-08,2.76E-06
Aqp7,13.05457507,2.794869916,0.43318384,5.877205038,4.17E-09,7.39E-07
Man2b1,1988.658636,0.513694869,0.130567743,3.934242439,8.35E-05,0.003014416
Tubb5,1115.465564,0.753037764,0.17427892,4.32054417,1.56E-05,0.00077018
Mirt2,54.32847439,1.752638679,0.35148033,4.959129731,7.08E-07,5.79E-05
Gm37729,13.94761649,-2.333346242,0.410598822,-5.154232644,2.55E-07,2.39E-05
Vopp1,156.6286863,0.983924201,0.273505362,3.593712802,0.000325999,0.008764175
Paqr4,19.72673984,1.073687766,0.347688376,3.07944613,0.002073859,0.035323271
Kank1,1285.498292,-0.33361738,0.105959002,-3.148487141,0.001641179,0.029441158
Entpd2,91.96585642,1.116151266,0.30170437,3.690669223,0.000223665,0.006702075
Aco2,3775.726298,0.37546594,0.12641978,2.969965365,0.002978333,0.046117139
Sec16b,924.2942347,-0.776916767,0.218604387,-3.554444564,0.000378778,0.00977514
Atg12,855.8895197,0.472387594,0.15981229,2.955839361,0.003118194,0.047578889
Pygb,186.4000683,1.599385476,0.299985234,5.318122806,1.05E-07,1.12E-05
Fbxw9,654.2223541,0.881461497,0.174630381,5.047005074,4.49E-07,3.97E-05
Hal,4027.657821,-1.128512094,0.308113099,-3.670696513,0.00024189,0.007129378
Cfhr1,4276.627768,-0.721273125,0.215850051,-3.342270147,0.000830961,0.018023843
H2-Aa,2835.200101,1.076126684,0.342191992,3.135738454,0.00171422,0.030483487
Mug2,8387.240823,-1.451077967,0.290678322,-5.002754445,5.65E-07,4.74E-05
Smoc1,655.0641293,1.69428112,0.398793782,4.210323288,2.55E-05,0.001139846
Pdgfb,33.97538863,1.189950651,0.291248659,4.076843128,4.57E-05,0.001867262
Meioc,3.143496799,-0.988260805,0.39846263,-3.128146963,0.001759122,0.031142618
Pias2,633.9037507,-0.859066738,0.278043716,-3.092081496,0.001987583,0.034238091
Zfp97,153.3594691,-0.806890816,0.212467335,-3.796138017,0.000146968,0.004903267
Sae1,329.4738032,0.561097757,0.150175638,3.736263002,0.000186775,0.005914308
Gm4788,6090.152742,-0.651802905,0.194956721,-3.343746371,0.000826553,0.01795228
Prpf8,2933.345269,-0.462579527,0.140574928,-3.290674563,0.000999475,0.020394073
Pfn2,68.64627802,1.119078968,0.224330658,4.986556869,6.15E-07,5.10E-05
Cotl1,88.50428969,1.112543989,0.281811315,3.942586767,8.06E-05,0.002931033
Gm16536,168.831869,-0.660389421,0.179076922,-3.686426568,0.000227425,0.006802152
Jph1,31.61937263,-1.507300482,0.340026201,-4.399961746,1.08E-05,0.000576288
Gm48795,54.80718726,0.312480665,0.235123712,8.033283088,9.49E-16,5.48E-13
Zfp871,2214.054895,-0.764719348,0.138876236,-5.50641621,3.66E-08,4.56E-06
Rprd1a,295.8107458,-0.733055484,0.201102113,-3.644692296,0.000267712,0.007694221
Ckap4,44.1482103,1.052644815,0.311351518,3.376818227,0.000733295,0.016254035
Il6ra,1215.431243,-1.217845727,0.241942689,-5.035974112,4.75E-07,4.13E-05
Gm20431,66.56054451,-0.295028958,0.270787446,-3.472846466,0.00051497,0.012549288
Bmp8b,8.676121119,2.320885829,0.433008474,4.945757187,7.58E-07,6.11E-05
Gyg,151.8064214,0.974085517,0.250681923,3.8844891,0.000102545,0.003607142
Fam13a,704.9647326,-0.839120159,0.245048544,-3.42550167,0.000613665,0.014205602
Cd81,9084.42544,0.632057044,0.142927549,4.422064281,9.78E-06,0.000530836
Drg1,1166.952483,0.405328581,0.134160405,3.021168004,0.002518016,0.040748598
Pkmyt1,8.318945766,1.767642283,0.433305274,3.975103584,7.03E-05,0.002622837
Sccpdh,76.20334528,0.953810158,0.276618889,3.445053041,0.000570947,0.013526353
Proscos,2.999717793,-1.042983809,0.403253649,-3.180564645,0.001469883,0.026905185
Hmmr,32.26268455,1.439023531,0.433495427,3.278220774,0.001044637,0.021050143
Igf2bp2,34.12135472,1.05652684,0.316833779,3.323514919,0.000888907,0.01888893
Gstm3,4265.935008,4.279616057,0.286692532,14.86860844,5.27E-50,3.84E-46
Capn10,177.535082,-1.626799335,0.284631095,-5.711364143,1.12E-08,1.66E-06
Arrdc3,13548.60771,-1.259728238,0.352666956,-3.593042748,0.000326839,0.008770449
Plvap,671.4891391,0.665667422,0.223945956,2.971668413,0.002961864,0.045906052
Elovl7,58.24780265,2.69815278,0.389077549,6.827516028,8.64E-12,2.69E-09
Narf,559.9261195,-0.680106252,0.212866667,-3.195143187,0.001397615,0.025875063
Sirt5,226.5000941,0.703097205,0.202879552,3.464913417,0.000530402,0.012828757
Raet1d,375.7942184,1.552134632,0.211154662,7.346959339,2.03E-13,8.41E-11
Gm28818,25.26342732,-1.137688582,0.334218004,-3.386670266,0.000707464,0.015767863
AC169509.3,135.2303243,-2.986449781,0.411389209,-7.620213835,2.53E-14,1.24E-11
Ppp4r4,326.0616992,-0.756788018,0.193632693,-3.90759416,9.32E-05,0.003315139
Ifi27l2b,98.09397435,1.784674752,0.331600804,5.356660166,8.48E-08,9.27E-06
N4bp2os,43.86556676,-1.027722013,0.335209099,-3.064228785,0.002182319,0.03674456
Cyp2c55,901.1749709,4.705185077,0.23773776,19.6749472,3.54E-86,5.72E-82
Hells,65.84798484,1.76675156,0.340812623,5.159097019,2.48E-07,2.39E-05
Aldh18a1,37.47236851,1.317764662,0.264069353,4.981981606,6.29E-07,5.20E-05
Gclc,11954.95176,0.759080031,0.185683996,4.087516934,4.36E-05,0.001804388
A4gnt,33.36991412,1.909144009,0.430403152,4.563424405,5.03E-06,0.000300489
Oxsm,1101.805737,-1.529068225,0.320477788,-4.788698302,1.68E-06,0.000120944
Mapre3,288.4158801,0.772238076,0.258833877,2.981963089,0.002864065,0.04494999
Ppargc1a,420.5825711,-0.86441364,0.294067206,-2.942334928,0.003257474,0.049077456
Corin,35.01897476,1.816357843,0.408894864,4.386151657,1.15E-05,0.000604188
Ppp1r9a,110.7121007,-0.94140477,0.294291948,-3.198968602,0.001379202,0.025592736
Sptlc1,876.165294,0.489441391,0.14116076,3.467157572,0.000525993,0.012763336
Tgfbr2,942.9772251,1.010042226,0.232090749,4.350191534,1.36E-05,0.000694296
Slc48a1,1841.259023,0.947307128,0.207371454,4.56710789,4.94E-06,0.000296352
Cyp2j5,13496.55157,-0.66330233,0.145925956,-4.545628158,5.48E-06,0.000320051
Anxa7,1695.336004,0.785173149,0.174105163,4.509358418,6.50E-06,0.000371785
Letm2,9.002586763,-2.346812816,0.432667822,-5.332128068,9.71E-08,1.05E-05
Mcm4,127.6295121,0.869780138,0.256523203,3.390381258,0.000697955,0.015598905
Mpv17l,768.9680698,-0.738205629,0.226689552,-3.257071272,0.001125682,0.022132023
Stk40,475.9537911,0.659236207,0.218005781,3.02322304,0.002500978,0.040590102
Lrrn3,50.95151262,-1.087068141,0.296250608,-3.664456209,0.000247865,0.007252618
Ppm1h,215.1394179,0.977738353,0.276339265,3.535194914,0.000407474,0.010365129
Hmox1,263.9717588,0.882494084,0.23942673,3.684895274,0.000228797,0.006827375
Nek6,1804.720129,0.736493727,0.143658395,5.126585015,2.95E-07,2.70E-05
Mcm2,335.26362,1.880822302,0.245263636,7.658966431,1.87E-14,9.48E-12
Marf1,1427.92403,-0.576246038,0.17534943,-3.286447198,0.001014598,0.020624635
C5ar1,63.26376324,1.005900074,0.329652916,3.045978446,0.002319245,0.038371878
A330074K22Rik,3.960368792,1.565907736,0.409553647,4.16683804,3.09E-05,0.001343431
Sprr1a,23.1604636,4.071864916,0.418364302,8.453738349,2.82E-17,1.98E-14
Nfatc3,996.9389833,-0.661496111,0.215352329,-3.072136641,0.002125324,0.036078479
Rd3,5.479316372,-1.512214031,0.432174081,-3.306820806,0.000943612,0.019600245
Abca2,625.9141153,-0.664584233,0.163117662,-4.073934246,4.62E-05,0.001879335
Sesn2,288.1063302,0.624166868,0.202733962,3.078609522,0.002079691,0.035385358
Dct,59.63212715,-1.620381664,0.394506328,-4.152798571,3.28E-05,0.001405923
Cxcl9,568.5872796,1.309571222,0.36419246,3.578774968,0.000345209,0.009165726
Vat1,468.4752841,0.930816484,0.244432193,3.805981971,0.000141243,0.00475145
Gria3,68.41364603,2.17021258,0.37868753,5.684682022,1.31E-08,1.91E-06
Gstm2,1406.620862,1.525910273,0.278784755,5.465387645,4.62E-08,5.62E-06
Mnda,10.12371758,-1.437753156,0.422087003,-4.537615169,5.69E-06,0.000328786
Spata2,167.7992297,0.598379874,0.186957555,3.200511201,0.00137184,0.025514654
Lrrc8d,183.589646,-1.530236858,0.409828634,-3.831899445,0.000127158,0.004340799
Gprc5b,308.8640626,4.808874034,0.317214681,14.84848164,7.12E-50,3.84E-46
mt-Cytb,101426.6288,-0.833107613,0.188419359,-4.422235149,9.77E-06,0.000530836
Diaph3,17.61087304,1.762143909,0.429769093,4.030451138,5.57E-05,0.002175833
Gm2814,98.69014512,-1.810275051,0.327792281,-5.521632092,3.36E-08,4.21E-06
Cyp2c67,5725.436552,-0.911822323,0.235177906,-3.878850336,0.000104951,0.003675794
Dock9,170.9434264,-0.57091391,0.176109018,-3.240963683,0.001191264,0.022920138
Plk2,370.2663619,0.646939359,0.15990509,4.045688743,5.22E-05,0.002069007
Gm7665,10.94964969,1.721003472,0.392354287,4.295297566,1.74E-05,0.000847725
Pbld2,2078.157546,-1.015984389,0.237258753,-4.283962924,1.84E-05,0.000880279
Dtl,38.88085124,1.673711316,0.366486831,4.542254296,5.57E-06,0.000323945
Col5a2,70.66682315,1.334832115,0.339707853,3.915959439,9.00E-05,0.003219565
Col3a1,1582.336899,1.085518566,0.304268943,3.562082084,0.000367925,0.009540704
Myc,32.85363664,1.422541263,0.421997931,3.331945111,0.000862413,0.018532137
Pcmtd2,583.2571807,-1.457805131,0.281205968,-5.190658736,2.10E-07,2.06E-05
Stx17,380.3731816,-0.59565447,0.138074332,-4.313395651,1.61E-05,0.000793096
Hmgn5,793.5645719,-0.747195885,0.189546954,-3.942046761,8.08E-05,0.002931055
Usp53,236.1517764,-0.763248704,0.205140858,-3.720027001,0.000199201,0.006246156
Prox1os,228.9453476,-0.806971673,0.210659347,-3.829006108,0.000128662,0.004373691
Serinc2,184.4182943,0.855865486,0.226513517,3.776902186,0.000158791,0.00522353
Plat,11.86316331,1.304414099,0.433219587,2.941186116,0.00326958,0.049214025
Med12l,70.3382305,1.248226303,0.382244171,3.243265224,0.001181682,0.022878211
Tspan12,15205.77935,-0.505740488,0.127309697,-3.972576858,7.11E-05,0.00264473
Tfpi2,3320.448407,-0.598646614,0.191702957,-3.123102887,0.001789552,0.031508963
Col1a2,270.3538979,1.551015733,0.25129417,6.165183287,7.04E-10,1.41E-07
AC129931.1,5.098432076,1.797774365,0.418942272,4.650758791,3.31E-06,0.000213288
Dcbld1,117.8547971,0.69212578,0.228525527,3.028808482,0.002455203,0.040065511
Gm11832,8.58106179,-1.278205199,0.433925028,-2.972247193,0.002956286,0.045863526
Tpcn1,910.1622972,-0.620432454,0.16582735,-3.741343627,0.000183039,0.005812199
Spp1,1229.582583,1.457579967,0.145489968,10.01711464,1.28E-23,1.89E-20
Lipc,5419.777467,-0.901225916,0.216228115,-4.169106203,3.06E-05,0.001333718
Arhgef12,2684.039018,-0.704586682,0.186695706,-3.774296765,0.00016046,0.005254529
Gm43690,3.177828009,-0.993901858,0.398748809,-3.159486866,0.001580472,0.028669979
Gm47163,2.885092115,1.291614423,0.393297237,3.569503951,0.000357658,0.009410181
Gcnt4,168.9231229,-1.01394582,0.230772581,-4.391670025,1.12E-05,0.000592864
Ywhah,989.5872874,0.934882302,0.141351676,6.613622959,3.75E-11,9.63E-09
Mrs2,1300.495164,-0.707680346,0.147172311,-4.808345604,1.52E-06,0.000110426
C1qtnf6,39.01329266,1.185686537,0.324734636,3.644081943,0.000268348,0.007698826
Tnc,28.46971045,2.184305815,0.369039548,5.844642967,5.08E-09,8.38E-07
Pdlim7,24.87245822,1.213628519,0.370914566,3.251120678,0.001149511,0.022444507
Cs,3552.643083,0.586911456,0.118887517,4.936637084,7.95E-07,6.37E-05
Ndrg2,17262.09015,-1.077247411,0.247900174,-4.348483861,1.37E-05,0.000697523
Zfp874a,734.2848031,-0.644945485,0.189877276,-3.396773367,0.000681854,0.015397601
Gm32687,38.89092402,-1.063484024,0.271137422,-3.906620178,9.36E-05,0.003321225
Oxnad1,286.9240948,-0.688454118,0.222747748,-3.090794222,0.001996219,0.034326061
Pycard,30.86346065,1.151636875,0.366981129,3.117548102,0.001823622,0.03207394
Ppp6r2,618.8839386,-0.376075084,0.11748968,-3.200769715,0.00137061,0.025514654
Ttyh3,107.8406305,0.896420987,0.24807356,3.61095521,0.000305071,0.008352554
Igfbp2,2356.778412,-1.163555304,0.296847291,-3.926707558,8.61E-05,0.003103457
Sephs2,21754.69704,-0.746076465,0.252309025,-2.958521829,0.003091183,0.047321135
Arhgap11a,38.39741832,1.414333406,0.420041899,3.324246792,0.000886577,0.018875925
Pgam1,1845.955825,0.492338094,0.164170571,2.998830981,0.002710176,0.043077956
Kif13b,598.8714134,-1.028986898,0.171489527,-5.999482943,1.98E-09,3.72E-07
Gm37254,119.9410691,-1.092364781,0.282194129,-3.870723718,0.000108513,0.003784147
Gm37962,9.800099069,-1.310014554,0.432208125,-3.081124687,0.002062203,0.035198842
S100a11,43.6770683,1.892792687,0.276912186,6.801232628,1.04E-11,3.11E-09
Abcc3,4095.459869,0.82244645,0.15647611,5.255710552,1.47E-07,1.51E-05
Nrep,479.3284849,-1.072900183,0.304011932,-3.534450251,0.000408624,0.010365129
Tmsb4x,1936.148948,0.666312983,0.22386431,2.975707453,0.002923136,0.045436367
Gne,1562.864812,-0.753700886,0.17688756,-4.261006978,2.04E-05,0.000951723
Reck,70.64330247,-0.895011329,0.25244038,-3.541044998,0.000398546,0.010187783
Ehbp1,155.3268274,-0.644246575,0.213244332,-3.020166236,0.00252636,0.04083819
Gpr155,843.9786364,-0.812849311,0.224521646,-3.620972594,0.000293498,0.008150584
Ccna2,156.0481032,1.600324684,0.300930085,5.305159519,1.13E-07,1.19E-05
Anxa5,3297.617024,1.50138533,0.120532139,12.45557774,1.30E-35,5.28E-32
5330417C22Rik,134.67269,2.870151024,0.383250495,7.40026974,1.36E-13,6.11E-11
Ddit4l,81.18179396,1.367355904,0.286703793,4.761070189,1.93E-06,0.000133732
Pik3c2b,180.7277522,-0.991651946,0.256719522,-3.862009888,0.000112458,0.003897774
Paip2b,917.5500893,-0.406295757,0.113966963,-3.564947975,0.000363928,0.009509775
Kdelr3,16.00253695,1.270880363,0.413707283,3.028972491,0.00245387,0.040065511
Car2,303.6367946,1.194296993,0.302156767,3.94631246,7.94E-05,0.002905406
Tex264,811.1047412,0.450564604,0.153073995,2.943365346,0.00324665,0.049005093
Kif2c,11.73301413,1.388834848,0.427688754,3.253419585,0.00114025,0.022337027
Acat1,9930.025349,-0.70994171,0.146363888,-4.850686592,1.23E-06,9.26E-05
Pde7b,164.8563655,-0.996803907,0.246428368,-4.044610396,5.24E-05,0.002073471
Tmem254c,903.7827906,-0.992540426,0.297037805,-3.346068696,0.000819661,0.017850515
Fam47e,212.7745509,-0.947066053,0.313309718,-3.026994732,0.002469983,0.040248529
Galnt7,106.9260878,1.167719998,0.291379001,4.004233878,6.22E-05,0.002367588
Ccl2,104.6482776,1.738024698,0.41126353,4.178333116,2.94E-05,0.001287698
Gnai2,1578.908469,0.707837059,0.173617864,4.076606267,4.57E-05,0.001867262
Cyp4a10,12622.10137,-0.739209719,0.216837101,-3.40989678,0.000649875,0.014947018
Spsb4,40.86758327,1.031302679,0.312426325,3.293540996,0.000989339,0.020302016
Tmem125,134.8297853,-0.722432622,0.230423456,-3.134213451,0.001723155,0.030572768
Zfp940,11.24064114,-1.262920217,0.418738203,-2.999830019,0.002701303,0.043063828
Col6a3,242.2613111,1.000014258,0.30050666,3.323321731,0.000889523,0.01888893
Cul4a,1877.965156,-0.888440531,0.117603431,-7.554158513,4.22E-14,2.01E-11
Proz,3549.436072,-0.341357715,0.110381856,-3.092512237,0.001984701,0.034238091
Grina,2747.534075,0.620120543,0.159092291,3.897655155,9.71E-05,0.003424047
Asic5,102.0554208,-0.989706829,0.301716817,-3.280372811,0.0010367,0.020916262
Orm1,3302.768713,0.743120308,0.225683524,3.29182428,0.000995398,0.020362241
Adamts7,32.33216264,-1.616197076,0.382185133,-4.219741784,2.45E-05,0.001102392
Tpm1,462.6355924,1.261275274,0.155504826,8.109880556,5.07E-16,3.04E-13
Lrrc8b,171.2247303,1.600240168,0.323384717,4.933492888,8.08E-07,6.41E-05
BC029722,164.5463783,0.860325892,0.255219751,3.36843057,0.000755974,0.016688159
Fam83c,8.208307341,2.56987544,0.433634496,5.989871178,2.10E-09,3.91E-07
Onecut2,1806.914187,-0.665364021,0.202374015,-3.288260792,0.001008084,0.020517999
Gm13736,37.88551047,1.46701793,0.395390338,3.682574828,0.00023089,0.006855105
Adgrf1,54.79150581,-1.827392184,0.433097979,-4.719528061,2.36E-06,0.000161395
Gm34667,58.20298431,-1.04743511,0.341156015,-3.070723727,0.002135406,0.036143317
Trem2,16.18932036,1.593987071,0.428259762,3.709180354,0.000207931,0.006396456
Gabrb3,20.70735203,-1.845111481,0.428380098,-4.409991273,1.03E-05,0.000555717
Pnn,230.9796945,-0.680351985,0.209569841,-3.246065061,0.001170121,0.022729564
6030419C18Rik,14.03629486,3.443487229,0.428024517,7.420924315,1.16E-13,5.38E-11
Ppm1k,3072.387448,-1.370093733,0.196561807,-6.971768566,3.13E-12,1.10E-09
Tgm2,2614.236596,1.02511252,0.237000043,4.323302443,1.54E-05,0.000765291
4930522L14Rik,41.19179724,-0.987530334,0.315348793,-3.127382475,0.001763703,0.031155547
Bag4,1344.421112,-0.590491547,0.181638347,-3.251024918,0.001149898,0.022444507
Slc8b1,443.304786,-0.875790011,0.288766946,-3.035120763,0.002404394,0.039538108
Foxp2,200.4890782,-1.058839587,0.293361542,-3.612769862,0.000302944,0.008308355
Tpx2,40.66714839,1.411175923,0.379963842,3.69410749,0.00022066,0.00663663
Gm15590,666.0740273,1.245032503,0.230854752,5.389975459,7.05E-08,7.97E-06
Acadsb,3755.778963,-0.584177834,0.124674385,-4.685635182,2.79E-06,0.000185844
Gm48633,443.439766,-1.197537009,0.235665631,-5.081207371,3.75E-07,3.37E-05
Fyco1,632.0022589,-1.136549911,0.315845469,-3.606625174,0.000310205,0.008436019
Raet1e,293.7274369,1.850632061,0.339972673,5.419764523,5.97E-08,6.95E-06
AC157554.2,12.15472625,-0.813238109,0.383896604,-3.170954728,0.001519388,0.027654916
4931406C07Rik,3924.966671,0.54998927,0.152623595,3.60344966,0.000314022,0.008525475
Ing4,376.615301,0.921327537,0.258724349,3.55851861,0.000372952,0.009640163
Gm10639,24.60685257,0.443256966,0.271127594,3.218374204,0.001289195,0.024406485
Eif6,410.7079457,0.928876067,0.207097465,4.483780759,7.33E-06,0.00041489
Pvr,230.3735,0.657041617,0.216172965,3.039055144,0.002373214,0.039184671
Klkb1,14793.5944,-0.486065227,0.134322213,-3.618715952,0.000296068,0.008175226
Itm2c,1528.246525,0.816608309,0.142293006,5.738692741,9.54E-09,1.46E-06
Gm18337,41.7566278,-1.742040751,0.327704392,-5.274805353,1.33E-07,1.39E-05
Dbt,1922.313862,-0.428394851,0.137486744,-3.115875253,0.001833998,0.032220487
Tnfrsf10b,48.6209253,2.441688506,0.412215984,5.826039465,5.68E-09,9.23E-07
Stap2,263.5270921,0.660768493,0.182092605,3.628137643,0.000285473,0.008019513
Itgb5,1062.738192,0.526344103,0.171390946,3.070810615,0.002134785,0.036143317
Htra4,11.76908899,-1.289853312,0.432770202,-3.241170986,0.001190398,0.022920138
Cdkn1a,87.59443258,3.051995967,0.292611622,10.30535502,6.66E-25,1.20E-21
Rttn,56.47582597,-0.727975803,0.220543699,-3.295715433,0.000981714,0.020184389
Sardh,8351.688985,-0.896629765,0.210278837,-4.265056213,2.00E-05,0.000937334
Zfp597,237.4070088,-0.532739624,0.174540227,-3.051629732,0.002276027,0.03796741
Cldn12,2879.866733,-0.932536736,0.218526839,-4.268580938,1.97E-05,0.000930741
Frzb,65.24660007,1.397751985,0.32591431,4.274723053,1.91E-05,0.000912053
Nat8b-ps,25.8929114,-0.982925245,0.301833807,-3.237205002,0.001207067,0.023169093
Gm8834,990.6293574,2.02166683,0.164108045,12.31488584,7.53E-35,2.44E-31
Mmp13,62.81341116,1.336587913,0.403789946,3.701487799,0.000214339,0.006506977
Atg5,1969.755909,-0.529803196,0.13232397,-4.003804441,6.23E-05,0.002367588
Igfbp7,185.5501486,0.741311839,0.216261553,3.426939029,0.000610426,0.014205602
Prkx,255.69305,0.74484535,0.216329033,3.442629414,0.000576088,0.013568679
Pclaf,17.01637857,1.409282072,0.407656544,3.425915435,0.000612731,0.014205602
Gm5182,137.7052264,0.862837692,0.289531495,2.977797387,0.002903278,0.045323407
Acat3,3272.629562,-0.627315497,0.162414126,-3.862598668,0.000112187,0.003897774
4930404H11Rik,3.181867981,-1.072395182,0.405298659,-3.262072708,0.001106008,0.021949288
Usp43,7.151460769,2.319023119,0.431500536,5.572754218,2.51E-08,3.22E-06
Map2k3,798.6295181,-1.151455443,0.318932231,-3.619329575,0.000295367,0.008169808
Klb,823.0050355,-0.829303737,0.179682905,-4.615258732,3.93E-06,0.00024528
Abcc12,4.198818279,0.825834981,0.341531752,3.047652661,0.002306363,0.038252552
Plek,187.8748315,1.322321248,0.298773714,4.419179331,9.91E-06,0.000536172
Phlpp1,508.5824323,-0.483598028,0.139929922,-3.455751363,0.000548761,0.013193917
Snhg11,46.93633606,2.090859925,0.40019881,5.154063015,2.55E-07,2.39E-05
Gm12840,12.95257048,-0.910462839,0.38824768,-4.057069122,4.97E-05,0.002005168
Klk1b4,37.22502833,1.883956816,0.282367059,6.640123216,3.13E-11,8.18E-09
Cidec,132.1074662,1.354462404,0.429680932,3.151126513,0.00162642,0.029241229
Ebag9,718.3674332,-0.942300672,0.321573687,-2.936208824,0.003322506,0.049825269
Exoc4,362.4835805,0.710993921,0.147736597,4.812654372,1.49E-06,0.000108558
Fos,36.00546614,1.248444472,0.359704031,3.454590945,0.000551128,0.013199065
Dusp10,233.9180263,0.948045877,0.168173337,5.636855275,1.73E-08,2.42E-06
Nxt2,981.6464337,-0.77839382,0.208091043,-3.741134456,0.000183191,0.005812199
Nuf2,17.36632686,3.831987843,0.420680076,8.026164333,1.01E-15,5.61E-13
Gm21885,12.9839735,1.499578221,0.426207196,3.444513597,0.000572088,0.013533558
Dars,1802.159041,-0.979144997,0.194893555,-5.024666196,5.04E-07,4.32E-05
Ggct,123.5603885,1.303632773,0.334957166,3.880122949,0.000104404,0.003664546
Abr,97.17647598,1.11402002,0.267327469,4.165142999,3.11E-05,0.001349823
Them6,181.8365488,0.834895193,0.238750219,3.495632869,0.000472939,0.011768155
Dnajc3,6907.848331,-0.676058809,0.221860351,-3.047985311,0.002303812,0.038252552
Ces2a,3515.357464,0.951998401,0.193196818,4.926710944,8.36E-07,6.57E-05
Cd14,100.8485199,2.255905221,0.380404994,5.875971103,4.20E-09,7.39E-07
Gm45044,8.985061651,-1.357932534,0.426327538,-3.453948216,0.000552443,0.013199065
Arl13b,143.3573635,-0.711738433,0.232130786,-3.065531358,0.002172836,0.03670006
Pros1,3519.086826,0.658288303,0.165277842,3.982680794,6.81E-05,0.002564209
Nr1i2,905.5788815,-0.54135797,0.167679114,-3.228498336,0.00124442,0.023773267
Zap70,52.58729911,-1.286303396,0.415493276,-3.153339537,0.001614139,0.029058393
Kdm7a,707.434598,-0.779389724,0.22146619,-3.519966858,0.000431601,0.010844303
Zbtb37,185.4277326,-1.490322347,0.416652666,-3.694588648,0.000220243,0.00663663
Tspo,1813.45695,0.546941188,0.163363217,3.34781372,0.000814517,0.017762407
Gm7329,408.126331,1.053009278,0.337225039,3.114216087,0.001844344,0.03229797
Airn,9.524304799,1.252818541,0.406534583,3.049264392,0.002294025,0.038164593
Tnfrsf22,21.99957178,1.329504287,0.41844953,3.138030138,0.001700874,0.030343815
Lrtm1,239.8923554,-1.100345382,0.319325387,-3.451122905,0.000558259,0.013284108
Gpld1,2988.676404,-1.927681975,0.176105022,-10.94685723,6.88E-28,1.59E-24
Smtn,110.7956418,0.880279513,0.214330501,4.105895691,4.03E-05,0.001683958
Osbp2,12.97177577,-1.524628869,0.42462998,-4.834945891,1.33E-06,9.89E-05
Zfp760,115.0467514,-1.248516538,0.249280155,-5.002988946,5.64E-07,4.74E-05
0610031O16Rik,680.6355103,-0.797683479,0.222135546,-3.591263443,0.000329079,0.008801362
Tmem254a,1030.018536,-0.969413142,0.298370557,-3.253616156,0.001139461,0.022337027
Slc10a5,1296.271733,-1.196577795,0.246604975,-4.855311052,1.20E-06,9.13E-05
Stap1,136.0291251,-0.941935745,0.261704303,-3.597628412,0.000321132,0.008689196
Cxxc5,1417.383293,-0.674199687,0.191058944,-3.528967625,0.000417184,0.010547589
Sowahb,177.640071,0.622123267,0.204027852,3.049146812,0.002294923,0.038164593
Stard4,4791.819501,-0.836722082,0.216717793,-3.861932407,0.000112494,0.003897774
Sptbn2,547.3053947,-0.568677522,0.156318681,-3.63751285,0.000275283,0.007828404
Ss18,110.114683,1.751348155,0.409803426,4.227632993,2.36E-05,0.001076436
Cyp2a21-ps,1782.293808,1.724795501,0.360080387,4.76432348,1.89E-06,0.00013216
Il1rap,2951.957699,-0.80950912,0.248640251,-3.257291909,0.001124807,0.022132023
Tubb4b,1961.994688,0.932001503,0.22072588,4.22113426,2.43E-05,0.001101741
Gm9855,13.72822391,1.17182504,0.379197879,3.071885034,0.002127116,0.036078479
Sirpb1c,13.34699738,1.791680263,0.40520433,4.333142758,1.47E-05,0.000734117
Smpd3,137.3168403,1.23407355,0.336477437,3.657579332,0.000254608,0.007407909
Pde4c,48.94815671,-1.446341746,0.321690491,-4.475382055,7.63E-06,0.000425587
Akap5,4.524412259,-1.5986995,0.42955078,-4.113312671,3.90E-05,0.001639205
Gng11,175.8998057,0.774508724,0.217119384,3.566733886,0.000361458,0.009479344
Gm13657,29.18965595,2.207697045,0.407957298,5.303374337,1.14E-07,1.19E-05
Lysmd2,28.35783935,1.242774864,0.379697693,3.256696447,0.001127169,0.022134372
Frmd8,311.896637,0.667961699,0.195883474,3.409713247,0.000650312,0.014947018
Ctss,562.271004,0.888088997,0.239316867,3.709390656,0.000207759,0.006396456
Pigr,17238.49751,-1.869469561,0.169686874,-11.0192562,3.09E-28,8.32E-25
Ip6k1,2255.171629,-0.605016661,0.135507184,-4.464782932,8.01E-06,0.000444022
Slc6a8,139.1903203,1.843434324,0.268459126,6.851031957,7.33E-12,2.37E-09
Hexa,892.2498613,0.604611319,0.158005856,3.826354551,0.000130055,0.00441178
BC002059,21.26545648,-1.065475959,0.347426441,-3.052971913,0.002265871,0.037837013
Serpinb6a,326.9758117,1.072646119,0.305851236,3.5012943,0.000463004,0.01156153
Cdk1,65.3156325,1.472987233,0.264200954,5.568231492,2.57E-08,3.28E-06
Shc2,19.28198863,3.038384875,0.430620408,6.443413861,1.17E-10,2.86E-08
Hacd2,1308.252263,0.525301464,0.125282206,4.192966893,2.75E-05,0.001223931
Epcam,24.19373572,1.447816468,0.427017953,3.329256282,0.000870782,0.018613117
Nr1h4,1637.067359,-0.79767363,0.212379586,-3.756591873,0.000172243,0.00551894
Src,52.25220023,1.443554594,0.293843642,4.898153721,9.67E-07,7.53E-05
Clcn5,248.0478597,0.691705874,0.22693403,3.047530084,0.002307304,0.038252552
Ndst1,3718.844413,-0.843027316,0.166354907,-5.067927581,4.02E-07,3.60E-05
Il22ra1,50.68978944,-1.461443741,0.345080745,-4.231796958,2.32E-05,0.001067546
Bax,70.69358128,0.957196601,0.316922326,3.014613523,0.002573069,0.041468953
Alpl,206.3153355,1.668694856,0.192623109,8.655924043,4.89E-18,3.77E-15
Rasl10b,7.910616217,2.76862994,0.43370457,6.24935122,4.12E-10,8.78E-08
Fst,154.5489594,1.27675997,0.385441967,3.291454474,0.000996707,0.020363288
1700080G11Rik,37.75284626,-1.235716897,0.379462321,-3.258127219,0.001121501,0.022113918
Srxn1,923.5039211,1.613223634,0.401229332,3.984064807,6.77E-05,0.002555255
Btg3,40.21324277,1.176567774,0.274851527,4.273885501,1.92E-05,0.000912053
Smox,24.29869269,1.348236531,0.368088266,3.628491316,0.000285082,0.008019513
Gm43305,124.7256925,1.008329846,0.340761455,2.953323305,0.003143725,0.047853827
Urad,103.3157632,-0.978658992,0.284575985,-3.437211217,0.000587737,0.013822927
Nudt18,234.8367129,1.509809798,0.193199273,7.81137791,5.66E-15,2.95E-12
Oasl1,165.4433314,0.774189603,0.230488715,3.358525809,0.000783594,0.017250796
Abca8a,1608.207789,-1.406000977,0.226109606,-6.220976413,4.94E-10,1.02E-07
Foxq1,180.5250822,-1.269635284,0.350033347,-3.640844618,0.000271745,0.007782491
Gm26873,6.352344919,-1.936581719,0.433668512,-4.698351481,2.62E-06,0.000175363
mt-Tp,26.22878673,-1.149398841,0.384896394,-2.987763734,0.002810267,0.04440716
Ddias,76.05719198,1.244274978,0.259612649,4.788329635,1.68E-06,0.000120944
Slc7a2,9002.63705,-0.754683313,0.228103721,-3.309549634,0.000934462,0.01952207
Nectin3,1310.251988,-0.89935463,0.237172268,-3.793526545,0.000148523,0.004934798
C730036E19Rik,60.10259147,-1.909059879,0.397685294,-4.864811206,1.15E-06,8.79E-05
Unc93b1,417.2202322,0.717607138,0.206657408,3.471773883,0.000517032,0.012580585
Fignl1,41.90374753,1.366804481,0.393681621,3.454173794,0.000551982,0.013199065
Slc15a3,152.7295894,0.999108085,0.336622128,2.960789272,0.003068518,0.047063215
Ndufaf4,262.9970977,-1.940864221,0.329907761,-5.903530341,3.56E-09,6.40E-07
Otud1,322.0532014,-0.635833867,0.207755811,-3.060228231,0.002211684,0.037085239
AC161165.6,164.3745049,-1.103307097,0.302288282,-3.651147999,0.000261071,0.007522158
Gm11992,37.12799024,-1.880160542,0.382411092,-4.895057524,9.83E-07,7.61E-05
Gm11772,52.99623237,-0.880645113,0.28701544,-3.064845058,0.002177828,0.03674456
Tubb4b-ps1,617.9021102,0.970287832,0.229232827,4.231186236,2.32E-05,0.001067546
Snhg18,48.95307523,0.880996859,0.278962886,3.154961141,0.001605195,0.028988457
Relb,44.83713012,1.091380901,0.304276421,3.578528302,0.000345534,0.009165726
Zfp229,150.4955885,-0.833539066,0.266569982,-3.1274995,0.001763001,0.031155547
B4galt6,86.83073904,1.647899188,0.322261373,5.098652476,3.42E-07,3.09E-05
Fez2,533.5859613,0.547461468,0.175980321,3.110759274,0.00186607,0.03260786
Cables2,364.9378329,-0.961585721,0.280502961,-3.430670636,0.000602091,0.014038094
P2rx4,555.9853914,0.686354162,0.142428113,4.818892143,1.44E-06,0.00010666
Pigu,314.8453555,0.562718689,0.190765185,2.949706971,0.003180754,0.048309043
Rras,228.695077,0.895924667,0.221536119,4.042346723,5.29E-05,0.002083408
Kantr,149.6859437,-0.94668969,0.286857315,-3.301941123,0.000960182,0.019867914
Srp9,739.4726702,-0.960194276,0.29435956,-3.265962103,0.001090928,0.021766108
Tmem63a,187.3250492,-1.623239048,0.278854461,-5.81999799,5.88E-09,9.43E-07
mt-Tg,117.5917113,-3.319330778,0.376902779,-8.724754319,2.67E-18,2.16E-15
mt-Ty,200.6189713,-1.233126354,0.294709287,-4.187816529,2.82E-05,0.00124484
mt-Td,22.26749635,1.506082064,0.43370013,3.433149976,0.000596612,0.013930416
mt-Atp8,16355.23177,-0.738949785,0.224011846,-3.299667548,0.000967994,0.020003978
Hcar2,39.18679166,1.652877506,0.414173458,3.944243855,8.01E-05,0.002918621
Tubb4b-ps2,33.47981594,0.950643776,0.297416236,3.192459489,0.001410667,0.026057086
Hk2,77.2786061,1.599674976,0.36027365,4.415689002,1.01E-05,0.000543082
Akr1c18,149.4042995,1.192625489,0.377252367,5.207080649,1.92E-07,1.90E-05
Tk1,179.5134401,-0.796245406,0.256922107,-3.099254298,0.001940084,0.033646841
Amer2,4.199739283,-0.758728076,0.372447873,-3.001493783,0.002686585,0.042871436
Gm4951,2835.659087,-0.820806485,0.170435456,-4.816231519,1.46E-06,0.0001076
Gpr137b-ps,42.30232513,1.045875428,0.349405025,2.982653721,0.002857611,0.044892237
Dtx3l,1872.904122,-0.66601519,0.13053204,-5.102268988,3.36E-07,3.05E-05
Snrpn,157.1346982,1.048623851,0.230611507,4.545561674,5.48E-06,0.000320051
Cyp2c37,10038.07351,-1.460661654,0.291344126,-5.024545,5.05E-07,4.32E-05
Grk3,78.43023361,1.07196647,0.300311999,3.564198698,0.000364969,0.009509775
Abcg1,206.7663384,0.906815065,0.273039805,3.319291984,0.00090246,0.019048106
Foxo1,954.8860656,-0.388973842,0.121299744,-3.206607724,0.0013431,0.025182737
Slc43a1,36.34799555,-2.962999956,0.40396375,-6.803342608,1.02E-11,3.11E-09
Pyroxd2,348.8684557,1.16857699,0.272502929,4.28361761,1.84E-05,0.000880279
Slc39a8,579.5269885,-0.930834741,0.273117366,-3.410839998,0.000647631,0.014927799
Tnfrsf23,34.99449706,1.580983231,0.415467304,3.768718852,0.000164088,0.005342256
Igip,342.2790702,-0.570019754,0.193463513,-2.946266342,0.003216353,0.04873016
Eif4e,573.403572,1.149889971,0.28184689,4.075250831,4.60E-05,0.001873441
Setd4,62.4495052,-1.104638152,0.355639629,-3.110095038,0.001870272,0.032646024
Mkks,337.8460651,-0.850519135,0.238416412,-3.567972572,0.000359754,0.009449971
Scn8a,7.11168283,2.420223555,0.432806105,5.709860408,1.13E-08,1.66E-06
Lrit2,93.13118999,-1.157781118,0.347922598,-3.332255114,0.000861452,0.018532137
Ints13,279.1236606,-0.471189866,0.159010879,-2.96284104,0.003048139,0.046883976
Trim25,633.6112346,-1.039573352,0.421196762,-3.028826628,0.002455055,0.040065511
Gm9847,47.12827855,-1.637511761,0.415394459,-4.037655327,5.40E-05,0.002120343
Ipo4,365.3289024,0.617844359,0.158316726,3.902412339,9.52E-05,0.003372118
N4bp2,1368.846477,-0.879185182,0.140602279,-6.252706177,4.03E-10,8.70E-08
Tmem229a,40.79034183,1.297920938,0.327321607,3.954549384,7.67E-05,0.002813477
Dhdh,2947.027459,-0.298097259,0.097925977,-3.044083842,0.002333901,0.038574923
Emilin1,196.7033128,0.638829925,0.217222503,2.940455174,0.003277304,0.049284441
Ctps2,539.8993653,0.954524788,0.233148722,4.092625185,4.27E-05,0.001769607
Atpaf2,437.9816657,-1.014927686,0.306058309,-3.321127243,0.000896547,0.018988245
Srebf2,1063.229754,-0.595866607,0.147210888,-4.04759964,5.17E-05,0.002062303
Slc38a4,46592.21781,-0.624103264,0.18567149,-3.361687276,0.000774678,0.017077746
Prdx3,3591.341423,0.741255792,0.151044336,4.907329567,9.23E-07,7.22E-05
Gm9929,11.27070291,-1.316068358,0.433924865,-3.135715424,0.001714355,0.030483487
Perp,4922.663911,-0.488780039,0.162685295,-3.004551787,0.002659725,0.042537508
Ap1s1,393.3617585,0.620483376,0.158452751,3.915721359,9.01E-05,0.003219565
Chchd4,465.1154871,0.522781145,0.157686073,3.315279088,0.000915517,0.019289031
Trim7,62.33741032,0.857102805,0.258042277,3.320145642,0.000899705,0.01903023
1810046K07Rik,26.81160132,-2.365858513,0.409610365,-5.635166046,1.75E-08,2.42E-06
Pctp,2425.234683,0.690965134,0.166330777,4.153856095,3.27E-05,0.001403149
Fgf1,848.1832715,-0.700751854,0.218135405,-3.212687988,0.001314991,0.024741701
Tsku,675.0938206,1.297321577,0.396337793,3.248754442,0.001159115,0.022597155
Tlr2,276.0954728,1.527662083,0.290616243,5.246895175,1.55E-07,1.56E-05
Otc,17890.51543,-0.683681332,0.195654898,-3.494828235,0.000474367,0.011772594
Zfp395,1258.569091,-0.73880912,0.204329508,-3.61630631,0.000298837,0.008223601
Vti1b,942.685166,0.527923955,0.169495392,3.114449306,0.001842886,0.03229797
Mcm7,178.0459939,0.702160187,0.199648887,3.51634488,0.000437532,0.010976293
Taldo1,1848.852633,1.076732023,0.362710759,2.956716869,0.003109335,0.04750911
Lgals3,67.69445705,1.652759245,0.355960613,4.613266003,3.96E-06,0.000246692
Steap3,205.2689945,-1.299630953,0.251715325,-5.159286126,2.48E-07,2.39E-05
Dbi,2830.320268,0.758543673,0.255813771,2.963707353,0.003039572,0.046841252
AI314278,6.690205558,2.248033641,0.430620302,5.438605193,5.37E-08,6.34E-06
Grb7,1453.032086,-0.679303913,0.226820781,-2.995541099,0.002739584,0.043460005
Maob,4745.703641,-0.628608331,0.198966673,-3.159777182,0.001578898,0.028669979
Gpi1,1666.68028,0.82177527,0.140504776,5.848504266,4.96E-09,8.34E-07
Nhp2,117.0825077,0.839929788,0.279146652,3.006040811,0.002646735,0.042444811
Ephx1,6259.411708,1.216819879,0.215132302,5.654030684,1.57E-08,2.22E-06
H2-Ab1,1768.162947,1.057207676,0.323617246,3.25989983,0.001114516,0.022040807
Snx33,341.828828,-0.497239162,0.145961034,-3.406050595,0.0006591,0.015106078
H2afx,114.1102655,0.799523806,0.234204552,3.412654906,0.000643334,0.0148499
Slc7a11,8.576636587,1.880731735,0.426440065,4.630905239,3.64E-06,0.000231021
Prss8,137.6243005,2.162699671,0.320964591,6.707742931,1.98E-11,5.33E-09
Atxn1,469.3282962,-0.985508499,0.252816431,-3.900084959,9.62E-05,0.003397266
Tagln,66.32434592,1.85369441,0.266794406,6.921770239,4.46E-12,1.50E-09
9030616G12Rik,53.31509912,-1.730455447,0.36192152,-4.778209603,1.77E-06,0.000125951
Slc7a4,15.9492619,1.302231226,0.350576877,3.696166054,0.00021888,0.00661999
Nit2,1662.514425,-0.719898122,0.233089922,-3.089408269,0.002005556,0.034439
Gnpda1,384.9153964,-0.791716904,0.263041124,-3.010823275,0.002605404,0.041864994
Sparc,1045.97378,0.956924907,0.178773387,5.352042783,8.70E-08,9.44E-06
Krt20,10.33339481,1.324531916,0.388277961,4.46411095,8.04E-06,0.000444022
Spata2l,214.4842724,-0.941727231,0.254834245,-3.694558782,0.000220269,0.00663663
Dip2c,592.4880177,-0.345867655,0.098892342,-3.497236007,0.000470106,0.011720772
Dclk3,90.90745751,-1.120313136,0.309359162,-3.622014552,0.000292318,0.008150584
Zfp953,239.8333497,-0.609470302,0.160563126,-3.794606945,0.000147878,0.00492347
Orm2,852.643685,2.437235466,0.257873452,9.43415554,3.94E-21,4.91E-18
Gstm2-ps1,510.6384917,1.976994301,0.236778465,8.34012076,7.42E-17,4.80E-14
Apol7a,1118.870245,-1.517276641,0.331315963,-4.600558862,4.21E-06,0.00025924
4632415L05Rik,46.2484135,-1.371250316,0.433764397,-3.510520632,0.00044723,0.011202214
Sorbs3,326.7795968,-0.846519285,0.225217137,-3.758253359,0.000171104,0.005512678
Mlkl,121.5468058,1.390828368,0.334157225,4.14773153,3.36E-05,0.001433602
Ptafr,97.57147052,0.966434707,0.277147992,3.486006913,0.000490288,0.012130513
Spon2,121.3641458,1.413427749,0.259289525,5.442666969,5.25E-08,6.32E-06
Pik3ap1,1478.314212,0.531126812,0.159451611,3.330837798,0.00086585,0.018552597
Bhlhb9,179.2264075,1.372752828,0.332679356,4.114055164,3.89E-05,0.001638193
Gsta4,647.5518871,1.245368776,0.310192157,4.00661722,6.16E-05,0.002356174
Gid4,1060.822208,-0.440751942,0.123594988,-3.565949873,0.000362541,0.009492347
Myo1b,3052.882381,-0.796344113,0.217438956,-3.66329585,0.000248991,0.007272415
Slc18a1,172.5442243,1.044666897,0.221467208,4.714643377,2.42E-06,0.000164621
Kifc2,14.34882223,-1.241213765,0.418052098,-2.964595174,0.003030815,0.046795433
Loxl2,92.5892266,1.057247988,0.280506433,3.76749901,0.000164891,0.005346903
Pgd,1200.328356,1.32929747,0.213418833,6.22592956,4.79E-10,1.01E-07
Fam83a,46.73448248,5.068724571,0.397749593,9.986909874,1.74E-23,2.35E-20
Nat8f1,367.1695267,-1.27692608,0.387528656,-3.333596251,0.00085731,0.01847155
Bmf,472.9289542,-1.804721692,0.333253575,-5.441860386,5.27E-08,6.32E-06
Timd4,101.072422,-1.540501286,0.354733804,-4.352390872,1.35E-05,0.000689541
Gm37494,1303.120098,-0.654045563,0.176467713,-3.706477931,0.000210162,0.006440576
Cdc40,525.9004391,-0.390817249,0.1190669,-3.282073451,0.001030468,0.020842495
Ldha,8326.657125,-0.524322751,0.147133744,-3.563660856,0.000365718,0.00951397
Magt1,3897.546654,-0.590259465,0.195767567,-3.015461047,0.002565889,0.041394466
Aldh1a7,4237.175319,0.643117462,0.215956844,2.977408873,0.00290696,0.045323407
Ccdc80,162.0073271,0.8369571,0.27862764,3.001621959,0.002685454,0.042871436
Dsg1c,185.3883663,-2.012788165,0.341847513,-5.909246063,3.44E-09,6.25E-07
Lrfn3,240.6208063,0.848962364,0.262525171,3.232446012,0.001227353,0.023502725
Actb,16752.3061,0.444537523,0.117097781,3.796251464,0.0001469,0.004903267
,,,,,,
ENSMUSG00000118168,308.3947293,-0.565456991,0.184709462,-3.060873022,0.002206927,0.037082326